item_id,source,subreddit,year,keyword,batch,stigma_present,mode,domain,type,public_domain_affective,public_domain_cognitive,public_domain_behaviour,language_features,difficulty,text,stigma_span
stig_0001,now,,2024,bpd,batch3,yes,expressed/enacted,public,cognitive,,dangerousness; moral or character flaw,,,easy,"the trial also mentioned how a terrifying incident in her childhood made kimberly cargill abusive. in the trial, a psychologist told the court that cargill told her that a family member sexually molested her at the age of 11. subsequently, the doctor mentioned that the aforementioned incident might be one of the reasons why cargill developed "" borderline personality disorder with narcissistic and anti-social tendencies."" she also said,"" they tend to be glib, superficial and like to rest of us, but they are more dangerous. they'll have your wallet before you know it."" cargill filed an appeal against her capital murder conviction in 2014, kimberly cargill filed an appeal against her capital murder conviction. however, in 2017, the highest criminal court refused her appeal. as per associated press, the texas court of criminal appeals rejected 15 claims raised by cargill. some of the claims were rejected because "" they should have been raised in an earlier appeal following her conviction.","[""they tend to be glib, superficial and like to rest of us, but they are more dangerous. they'll have your wallet before you know it.""]"
stig_0002,now,,2018,bpd,batch1,no,,,,,,,,moderate,"Sadly, that Lost-like quality fades all too quickly as the show spirals to add more cast members and to leave plot threads dangling in the zero-gravity breeze. Parker Posey shows up at the end of the first episode as Dr. Smith — transformed from the original series to become a con artist (with zero schlocky catch phrases). eye-rolling MacGuffin. When something goes wrong in this series, and it's not the fault of a breaking spaceship part or a wild change on a new planet's climate, she is usually the diabolical, unlikable monster driving the tension. The more the series goes along, the harder it becomes to buy into how this character, who clearly suffers from something resembling borderline personality disorder, has scraped by and been given the benefit of the doubt in all of the specific, high-society ways that we're shown. Enlarge/ The character of Dr. Smith just plain sucks in the Lost in Space reboot. At least it's not actor Parker Posey's fault. That's certainly not Posey's fault, who delivers a horror-movie performance that would be chilling if anchored by a better script or clearer logic. But every time the show has an opportunity to give Smith a shade of gray — the same ones that make the Robinson family so relatable and likable — it instead smothers her in a coat of, a string of moments that should have woken an entire space-colony up to her evil ways goes completely ignored by the series' entire cast of characters. I'm tempted to spoil the awful moment, just to save you the agony I felt when I bolted out of my chair and paced around my home, fuming about the ridiculous plot holes that had been set into motion. Family fun?",
stig_0003,now,,2025,adhd,batch4,no,,,,,,,,easy,"At the time, Christopher Ikner told authorities their son had "" developmental delays "" and "" special needs,"" and was taking medication for "" severe health and mental issues,"" including ADHD and a growth hormone disorder. He said Anne-Mari Eriksen did not respond to his questions about their return from Norway in repeated emails and phone calls over several weeks, and told police that he believed she "" had no intention of returning "" to Florida. Christopher Ikner filed a child custody order violation against Anne-Mari Eriksen, according to a probable cause affidavit from the Leon County Sheriff's Office. Erikson pleaded no contest to charges of removing the child from the state and failing to remove him. Court records show she received a jail sentence and was ordered to have no contact with her son, his father, and his wife, except as allowed via family court. Months after lawsuit against Christopher Ikner, Jessica Ikner, and his parents, alleging defamation of character and emotional harm.",
stig_0004,reddit,pmdd,2022,bpd,batch3,no,,,,,,,,moderate,,
stig_0005,reddit,alcoholicsanonymous,2022,alcoholism,batch4,no,,,,,,,,easy,,
stig_0006,now,,2022,bpd,batch3,no,,,,,,,,moderate,"borderline personality disorder is one of the most stigmatized mental health diagnoses. people want to be helpful to borderline individuals, but frequently find it hard not to recoil and feel defensive. garnering empathy for these people can help to not take their vexing actions personally, and lead to better therapeutic interactions.",
stig_0007,now,,2022,bpd,batch4,no,,,,,,,,easy,"A new study published in Personality and Individual Differences recognizes the presence of' self-disgust' in adolescents as a telling sign that they might be in danger of developing borderline personality disorder (BPD) in adulthood. "" Although personality disorders are usually diagnosed in adults, they present a developmental path and initial symptoms that can be detected at early ages,"" explained Diogo Carreiras, Marina Cunha, and Paula Castilho (2022)."" This was why we decided to study borderline symptoms in adolescence."" Past research has identified the following emotional patterns and behaviors to be among the most common symptoms of six months, the researchers found self-disgust — defined as the emotion of disgust/revulsion directed at personal aspects and characteristics — to be another important risk factor in developing a borderline personality disorder.",
stig_0008,now,,2024,autism,batch4,no,,,,,,,,hard,"The 2023 report mentions students at the camp with diagnoses of attention deficit disorder, autism, post-traumatic stress disorder, panic attacks, learning differences and other conditions, and said some of the children told agency workers they had been restrained by staff. Most campers told the agency at the time that they had not been hurt when they were restrained, though one showed a bruise on their upper arm that was "" caused by staff's hand,"" the report said. Another said staff had held their arms down and one arm felt "" tingly "" so they asked staff to stop and the staff "" loosened up a bit,"" the report says. In response to the evaluation, Trails Carolina submitted a plan of correction in which it committed to more training and wrote:"" The Executive director will monitor the situation to ensure it not respond to questions about its past evaluations. The North Carolina Department of Health and Human Services said it could not comment on the 12-year-old who died but said in an email that "" staff have been on-site for several days investigating this incident and are working closely with local authorities.",
stig_0009,reddit,dmt,2019,schizophrenia,batch4,no,,,,,,,,easy,,
stig_0010,now,,2018,schizophrenia,batch2,no,,,,,,,,easy,"State Supreme Court Justice Richard C. Kloch Sr. said that two court-appointed psychologists found "" paranoid schizophrenic tendencies "" in examining Mayo, 35, of Willow Avenue. He will be committed to a state mental institution for up to a year in hopes that his condition can improve enough for him to face trial. Mayo is accused of knifing two men and two women about 3 a.m. March 26 in the Tap Room on Third Street in the Falls. Mayo stabbed a man to death at a party in Orange County, Fla., in 2009, but his manslaughter conviction was reversed under Florida's "" stand your ground "" self-defense law.",
stig_0011,now,,2013,depression,batch1,no,,,,,,,,moderate,"Memorial Day is an appropriate time to focus on the types of psychological harm veterans have willingly exposed themselves to in order to defend our nation. While words like post-traumatic stress disorder, major depression and post-concussion syndrome have become well-known, the true suffering of individuals with such illnesses — caused by combat or proximity to it — still isn't as well known. It is one thing to imagine and empathize with the plight of a man or woman without limbs, who can not walk or run or jump, but it is arguably more difficult to imagine and empathize with the suffering of those whose emotional equilibrium, memory, concentration, sleep patterns and even grasp on reality have been shredded. So, I hope I can help bring those wounds into focus.",
stig_0012,reddit,lost,2022,schizophrenia,batch3,no,,,,,,,,easy,,
stig_0013,reddit,bpd,2021,bpd,batch2,no,,,,,,,,moderate,,
stig_0014,reddit,redscarepod,2022,alcoholism,batch2,no,,,,,,,,easy,,
stig_0015,reddit,nostupidquestions,2022,schizophrenia,batch4,no,,,,,,,,hard,,
stig_0016,reddit,autism,2021,adhd,batch4,no,,,,,,,,moderate,,
stig_0017,now,,2019,alcoholism,batch3,no,,,,,,,,easy,"the combination of guns and alcohol is especially dangerous, and far too little has been done to address it. federal law doesn't restrict access to guns by people with a history of alcohol abuse, and fewer than half of u.s. states impose prohibitions of this kind. the risks to public safety are increasingly clear, and the issue demands more careful attention than lawmakers have allowed up to now. there's a close parallel. over a span of years, evidence accumulated to show that domestic abusers are significantly more likely to kill somebody using a gun. the data showed that millions of american women have been threatened with a gun or shot by a domestic partner. gradually a consensus formed to support denying firearms to convicted abusers. federal and state laws were adopted to that end.",
stig_0018,now,,2020,alcoholism,batch2,no,,,,,,,,easy,"Steve Chassman, executive director of the Long Island Council on Alcoholism and Drug Dependence, said the primary concern is for individuals in recovery or treatment who have become disengaged from their self-help routine and seek relief in a bottle or a needle. Experts also expect a steep decline in new patients seeking treatment for substance abuse addictions. "" There are heightened levels of fear and self-medication is often part of that,"" Chassman said."" For people new to the recovery process you bring a heightened sense of fear and anxiety. Coupled with a lack of social, if not moral support, it does put people at risk."" Options available",
stig_0019,reddit,parenting,2022,autism,batch4,no,,,,,,,,moderate,,
stig_0020,now,,2013,bpd,batch3,no,,,,,,,,moderate,"after reporting it, i became the problem,"" said lola miles, an air force helicopter mechanic who was discharged in 2005 with borderline personality disorder after she told her superiors seat, grabbing and kissing her. commanders told her she had invited the abuse by acting like "" one of the guys,"" said miles, now a family therapist with a master's degree in mental health counseling."" they told me i needed to repair my reputation."" to distance her from the perpetrator, she was moved to the overnight work shift. she was told that if she pushed her complaint higher up the chain of command, she would receive a written reprimand.",
stig_0021,now,,2023,schizophrenia,batch4,no,,,,,,,,hard,"The Justice Department has the Herculean task of trying to put an ethical rope through a needle,"" said Gene Rossi, a former federal prosecutor and civil litigator."" At best, there is an apparent conflict for DOJ, which has to rightly defend constitutional principles to protect the former president and the office he once held, while striving mightily to prosecute him for alleged crimes. This balancing act is legal schizophrenia."" That "" schizophrenia "" is rooted in the unprecedented decision by special counsel Jack Smith to seek dozens of criminal charges against Trump for allegedly hoarding military secrets at his Mar-a-Lago estate after leaving office, and then directing a scheme to conceal them from government officials who attempted to reclaim them. Trump faces the prospect of a lengthy prison term if convicted. Meanwhile, Trump faces a long list of civil lawsuits in which private individuals are suing him for things he did or said while president. For decades, DOJ has often invoked the separation of powers to Presidents, the DOJ has argued, won't be able to fulfill their responsibilities to the nation if they fear they'll later be dragged into court over anything they might do in office.",
stig_0022,reddit,jamescagewhite,2022,autism,batch4,yes,expressed/enacted,public,behavioural,,,bullying/mocking,,moderate,,
stig_0023,now,,2012,schizophrenia,batch4,no,,,,,,,,hard,"What if we just kind of accelerated people past that learning curve, to the interesting part them just like a tool in your arsenal,"" said Nels Anderson, game designer at Klei Entertainment."" Because when you have scarce resources, it's kind of like the weird schizophrenia of stealth games, where it's,' Oh, you need to do a lot of experimentation to understand how all these systems work,' but... you're a glass cannon and so taking risks can generally be very punitive. We just want to make sure that was not the case in our game."" However, to graft these mechanics to a 2D plane — since you share the same line of sight with the enemy, you really ca n't "" hide "" as you would in other stealth games — requires a fundamentally different approach. Rather than just copy and paste what worked in other titles, Klei introduced its own set of revolutionary new mechanics while refining those the genre is already known for. What's New Fog of war: Except for your immediate surroundings, the rest war: Any buildings or spaces beyond your line of sight has a soft, hazy blur that only clears once you approach. You ca n't see any enemies that may be lingering in this fog, unless you've seen them before; if you have, a red outline of their body shows their last known position. Similarly, if you break from the enemy's line of sight after being seen, your last known position is visible to them.",
stig_0024,now,,2023,alcoholism,batch4,no,,,,,,,,easy,"This side of the Shepard duality runs in near-perfect sync with the madness of his times. His familial background as the son of a B-24 pilot whose multigenerational alcoholism and philandering would haunt Shepard's work. So would his own romantic life, tending to involve an overlapping wife and lover, who would then become a wife herself. There are incidents of accidental trips with LSD-laced orange sherbet, getting out of conscription by faking insanity, and then an almost seamless drift into acting work that earns him both is the American boomer arc encapsulated: sex, drugs, draft dodging, and institutional validation. Tandem with that, however, is the craftsman, since he was writing meanwhile. Through tireless, largely unsupervised trial and error, he became a master of American drama. Early anti-narrative "" happenings "" with a strong Beckett influence are often written in a day and without revision. Edward Albee rather awkwardly judges that the almost parodically Albee-esque Icarus's Mother "" gives the impression of being a mess."" But under the added influence of Eugene O'Neill and Sophocles, Shepard rifles more confidently through theater's toolkit — alcoholism, economic plight, the illogic of love, fate, incest. And he starts to forge some visual and linguistic tools of his own. His plays are set in motel rooms and depressed farms; some require cars to be brought onstage. Chicken beheadings were simulated for his early two-act play La Turista, starring a young Sam Waterston. He channeled his deferred rock star ambitions with semi-musicals The flair for improvised, colloquial speech led Hilton Als to dub him, alongside Amiri Baraka,"" the nation's first hip-hop playwright,"" though perhaps closer to the more neglected flyover hip-hop of Esham and the Geto Boys. In Sam Shepard, Robert Greenfield has a crystallized hero's journey: The individual talent brought out of the desert to wrestle with and overcome the chaos of its time. Shepard's work, Greenfield concludes, can "" inspire others to create something of equal magnitude, thereby continuing the unbroken chain of artistic achievement that links us all to the past in a timeless manner."" But in 2023, the truce between theater and pop culture initiated by Shepard has become a subservience to pop culture. Popular plays are indistinguishable from amusement park rides when they're not pipelines for television gigs. The linguistic anarchy of social media makes Shepard's wordplay seem quaint today; and his hypermasculine rock' n' roll aesthetics are retrograde. Moreover, the American idiom remains a hostage to the minimalist's successors Tracy Letts and Will Arbery seem provincial by comparison.",
stig_0025,now,,2013,alcoholism,batch1,no,,,,,,,,moderate,"No, this isn't a license to go hog-wild. But exercise may reverse cognitive decline caused by a longtime high-fat diet, found researchers at the University of Minnesota. When rats on the equivalent of a burger-stuffed-pizza diet exercised daily, their mental decline reversed itself after seven weeks. At four months, these fat-fed mice had better memory function than non-exercisers on alcohol-related brain damage, found a new study published in Alcoholism. Immoderate drinkers who worked out had far more white matter than their sedentary peers. We've all heard of a "" runner's high "" (endorphin rush). Now there's another inducement to get thee to the gym, found an Indiana University study: the "" coregasm "" — an exercise-induced orgasm (which may strike by surprise, apparently.) In case you're interested,"" coregasms "" happen most often when doing crunches (lifting legs toward the chest or at a 90-degree angle repeatedly), climbing poles or ropes, biking/spinning and weight-lifting. Make better decisions by exercising for 10-40 minutes first — that's the upshot of an overview of studies published in the British Journal of Sports Medicine. Kids and young adults who worked out right before test-taking showed better concentration and self-control than non-exercisers. During exercise, more oxygen-rich blood flows to the frontal lobes, the area responsible for "" executive function "" — thinking ahead, reasoning, scaly skin — if it happens to you, it may be psoriasis, an effect of chronic inflammation (which afflicts about one in 40 of us). The good news: about two hours of vigorous exercise a week (walking doesn't cut it, sadly) may reduce your risk by up to 30 percent, find researchers at Brigham and Women's Hospital in Boston. Exercises most associated with flake-free skin are running and calisthenics.",
stig_0026,now,,2022,alcoholism,batch4,no,,,,,,,,moderate,"Shia LaBeouf hurts women. He uses them. He abuses them, both physically and mentally. He is dangerous,"" she stated in the complaint. LaBeouf said in a statement at the time,"" I have no excuses for my alcoholism or aggression, only rationalizations. I have been abusive to myself and everyone around me for years."" David M. Benett / Getty Images "" I hurt that woman,"" LaBeouf said on the Real Ones podcast, as per Variety."" In the process of doing that, I hurt many other people, and many other people before that woman. I was a pleasure-seeking, selfish, self-centered, dishonest, inconsiderate, fearful human being."" Melodie fucked up bad,"" he continued, noting a "" long list of people "" he needs to make amends to."" Like crash and burn type shit. I hurt a lot of people, and I'm fully aware of that. And I'm going to owe for the rest of my life.",
stig_0027,reddit,adhd,2022,adhd,batch3,yes,perceived/experienced,public,cognitive,,trivialisation or minimisation,,,easy,,
stig_0028,now,,2014,autism,batch2,no,,,,,,,,easy,"SAN LUCAS, California — Posted in the front office of the San Lucas elementary school are the usual notices — a newspaper clipping about a local boy playing college football, an autism flier, a calendar. The warning about nitrate contamination in the drinking water is to the right of the cafeteria menu (Fridays are always pizza) and directly below the note about the sale of school "" spirit paws."" For three years, residents of this unincorporated farming community of about 80 homes in California's agriculturally rich Salinas Valley have not been able to drink the water. It may seem remarkable that a community in California, one of the wealthiest states in one of the wealthiest countries, does not have safe drinking water. But for the residents of San Lucas, water problems are nothing Lucia Velazquez, now 31, there was black sediment in the water. More recently, residents describe the water as milky white. One thing it has never been?"" It's never, ever been clear water,"" she said. In 2012, California Gov. Jerry Brown signed Assembly Bill 685, establishing every Californian's right to "" safe, clean, affordable and accessible "" drinking water. Assembly Member Luis Alejo, a descendant of some of the first farmworkers to join Cesar Chavez and the United Farm Workers in Watsonville, California, in the 1970s, is among those trying to make this a reality through legislation, such as theSafe Drinking Water Small Community Emergency Grant Fund, which was approved by Brown in October 2013.",
stig_0029,now,,2025,schizophrenia,batch3,yes,expressed/enacted,public,cognitive,,incompetence; uncontrollable,,metaphor,moderate,"as stacey "" the king "" king tweeted after his epic la!"" day,"" i told y'all this is a totally different team since the trade deadline. bulls nation it's time to believe what you're seeing, this team is for real!"" there, for beyond rightful reasons, is still an out loud luxury of trepidation within us. hell, we chicagoans in chicago. apprehension mixed with anxiety is how we show love. the almost, close to, slight resemblance of game-to-game schizophrenia of this bulls team — just in the last week — allows nothing less.",['game-to-game schizophrenia']
stig_0030,now,,2020,autism,batch3,no,,,,,,,,moderate,"josias was a friend asked him to volunteer as a stem mentor. initially, he was hesitant because communication is a challenge for him. growing up, he was often bullied for "" being different."" when he was 11, he was diagnosed on the autism spectrum, and with encouragement from club staff, he quickly gained self-confidence. josias helped run stem activities at his club such as robotics and coding. he sees teaching as a platform for children to grow and feel accepted, not only in stem but as empowered individuals. also at the club, josias took on leadership roles serving as treasurer of boys & girls club of america's teen leadership program, keystone. josias also credits his bristol club for meeting some of his closest friends. "" this year has been quite challenging for our youth but it has also been uplifting and encouraging to see josias navigate this journey to become boys & girls clubs of america's national youth of the year,"" said jim clark, president and ceo of an amazing story and with his passion, i know he will empower kids and teens across the nation to go after their dream and create a plan for their future.",
stig_0031,now,,2011,alcoholism,batch4,no,,,,,,,,easy,"The only part of the episode that was redeeming and didn't make my stomach churn was seeing more of the relationship between Kurt/Blaine (known by many Glee fans as' Klaine') and Kurt's relationship with his father. In the midst of the madness, only three or four scenes were worth watching. And even then, this episode fell short of my every expectation. My stomach churned as I watched some of the best-known and loved characters on TV behaving like imbeciles. As a fan of the show, I is not for kids was lost because they spent too much time trying to highlight just how ridiculous the students behaved and almost everything Schuester said was baffling since he seemed to have very little problem with the alcohol abuse going on all around him. For an episode that could have made such a positive impact, Glee approached it all wrong. Instead, it was little more than glorification of teen drinking which was irresponsible and causes me to worry about what the youngest fans of the show will think after watching this episode. Even the issue of bisexuality was approached in a way that was offensive and absurd. Blaine, after accepting Rachel's request to go on a date with her post-party, tells Kurt that he's interested in her and Kurt replies that bisexuality is "" a term gay guys use in high school to feel more normal "" as he tries to make Blaine call it off. But aren't cheerleaders Santana and Brittany bisexual? By writing off the sexuality and stereotyping it, Glee might Blaine decides that he's "" 100% gay "" but it does little to reverse any of the damage from the other 59 minutes of the episode.",
stig_0032,now,,2023,autism,batch1,no,,,,,,,,moderate,"Powell, who has two children on the autism spectrum, spoke to north Alabama social service providers gathered for the annual Children's Trust Fund presentation of $1.3 million in state grants to their programs. The Alabama Department of Child Abuse and Neglect Prevention — also known as The Children's Trust Fund - funds the grants to help social service support groups across the state. There are 21 benefitting organizations this year in the Fifth Congressional District that runs along the top of the state and includes Huntsville. Statewide, the fund gave grants to 175 organizations ranging from parental education, home visiting, fatherhood, respite care and mentoring. The 2021 Alabama Kids Count Data Book gave an idea of the size of the challenge reporting 48,077 reports of child to "" implement evidence-based programs to strengthen families and prevent child abuse and neglect in Alabama,"" said Sallye Longshore, director of the Alabama Department of Child Abuse and Neglect. Longshore said events like the one in Huntsville help get parents the word about resources they can use."" We need to get those resources to parents quicker before they get in a rabbit hole of trouble,"" said Serida Edwards of the trust's parents advisory council. Chris Newlin, executive director of the National Children's Advocacy Center in Huntsville, said agencies like his couldn't do what it does without the state help."" We could not do the work without it,"" Newlin said."" Nobody works for free and to and this work can be pretty challenging. If the funding weren't there, we could serve far fewer families than we do.",
stig_0033,now,,2020,schizophrenia,batch3,no,,,,,,,,easy,"in the latest round of forced medication, loughner was given twice daily doses of an oral solution of risperidone, a drug used for people with schizophrenia, bipolar disorder and severe behavior problems. his lawyers say their client faced a threat of being injected with haloperidol - an antipsychotic drug used to treat schizophrenia and tourette syndrome - if he refused to take the other drug orally. the appeals court is considering the larger question of whether the decision to forcibly medicate loughner with psychotropic drugs can be made by prison officials or a judge.",
stig_0034,reddit,bpd,2021,bpd,batch4,no,,,,,,,,moderate,,
stig_0035,now,,2024,alcoholism,batch4,no,,,,,,,,easy,"Payne died at age 31 on Wednesday after falling from the third-floor balcony of a hotel in Buenos Aires. A preliminary autopsy hemorrhage."" Police responded to the scene after a hotel manager called to report "" a guest who is overwhelmed with drugs and alcohol "" who was destroying his hotel room. Payne had struggled with addiction during and after his time in One Direction, which included a 100-day stay in rehab last year. Payne said he suffered from alcoholism while One Direction was at its peak in the 2010s, adding he was relieved when the band broke up in 2016 because he "" needed to stop or it would kill me."" Key Background One Direction became one of the biggest boy bands of all time after shooting to fame in 2010 on the U.K. version of "" The X Factor,"" where judges Simon Cowell and Nicole Scherzinger pieced the band together after all five members auditioned individually. Prior to going on hiatus, One Direction had sold 50 million records worldwide and grossed more than $570 million worldwide from concert tours. After the band's hiatus, all five members embarked on solo music careers. Payne 2019.",
stig_0036,now,,2010,schizophrenia,batch1,no,,,,,,,,moderate,"Piazza told 67th District Court Judge John L. Conover Tuesday that Hayes had been diagnosed with paranoid schizophrenia in when he was committed to a psychiatric facility in March while he was in Livingston County, but no one from the county followed up with him. Hayes was given a prescription, Piazza said, but he didn't fill it after he was released from the facility. Brandon Joshua-Frederick Hayes, but I need more time to look at documents and court records,"" he said Wednesday. Hayes was ordered Tuesday to undergo a forensic evaluation at the Michigan Center for Forensic Psychiatry to determine whether he's competent to stand trial in Dominick's death.",
stig_0037,reddit,autism,2021,autism,batch3,no,,,,,,,,moderate,,
stig_0038,reddit,relationship_advice,2022,adhd,batch4,no,,,,,,,,moderate,,
stig_0039,reddit,exmuslim,2018,depression,batch2,no,,,,,,,,easy,,
stig_0040,now,,2022,bpd,batch3,no,,,,,,,,moderate,"sin? ad has long been candid about her mental health struggles over the years, previously telling people in may 2021 that she was diagnosed with bipolar disorder, post-traumatic stress disorder, and borderline personality disorder. in 2015, she spent some time in psychiatric facilities after being "" triggered "" by a radical hysterectomy and posting cries for help on social media. the songwriter recalled of that time: "" i was mental. but i don't regret those' embarrassing' videos. i'm quite proud, in a weird way, that i was that open... the nature of a singer is to be emotionally honest. i've always been pretty open. and i have no regrets."" we are keeping sin? ad in our thoughts right now.",
stig_0041,reddit,casualconversation,2017,autism,batch4,no,,,,,,,,moderate,,
stig_0042,now,,2023,bpd,batch3,no,,,,,,,,easy,"some research indicates that approximately 90 percent of those with borderline personality disorder also have a co-occurring anxiety disorder.4 since personality disorders, especially borderline, appear to be present in many cases of parental alienating behaviors, it would not be surprising if unmanaged anxiety is a major factor in their alienating behavior — and that they are unaware of the impact of their anxiety. others with cluster b personality disorders — such as narcissistic, histrionic, and antisocial — are often involved in high-conflict parenting disputes. they are often anxious because their relationships and strategies for coping in life often appear "" dramatic, emotional, or erratic."" 5 they lack self-awareness of don't try to change. thus, both parent and child may be exchanging intense emotions without realizing where they come from. in cases of parental alienation, it is common for children to believe that their emotions are their own and to insist that they were not influenced by their favored parent. yet the science of the transfer of emotions tells us otherwise. (this is the same way that ethnic prejudice and racism are often transferred to children from parents and our culture without their awareness.) when parents go to family court to argue whether a child's resistance is due to the father's abusive behavior or the mother's alienating behavior (or the mother's abusive behavior vs. the father's alienating behavior), it heightens their anxiety. when mental health professionals and legal professionals get involved in the intensity of these emotions, they can heighten the parents' anxiety even more. then each parent's anxiety often spills over onto the children, who assume it was caused by the rejected parent it is essential for professionals involved in these cases to manage their own emotions and assist parents in doing so.",
stig_0043,now,,2012,alcoholism,batch4,no,,,,,,,,easy,"You might say she saw the writing on the wall, coming from a family tree that included alcohol abuse and suicide on both sides. She didn't want to end up dying like her dad in a hotel room, so she turned her life around. She reclaimed her dad's musical heritage, producing tribute concerts that attracted fans of her dad like Steve Earle, Lucinda Williams and Norah Jones, and she created the Hickory Wind Ranch, named after one of her dad's classic songs, for women recovering from alcohol and drugs. And now she has started the Gram Parsons Foundation, which helps musicians deal with substance abuse recovery. "" I get to work with alcoholics and addicts that are creatives like my father. I get to understand who my father was at an extremely intimate level. I get to stand by them in I get to hold their hands through recovery and finding their lives again,"" she said.",
stig_0044,now,,2020,schizophrenia,batch3,yes,expressed/enacted,public,cognitive,,moral or character flaw,,metaphor,moderate,"so he began working in this schizophrenic way, both relentlessly recording history, but also serving as a photographer who was part of the state propaganda machine,"" pledge said. "" almost every major event that shaped our modern world had 10, 15 well-known photographers who documented it,"" pledge added."" in this massive event in china there was only li, one individual who cut himself into two to witness the dark side of the whole. if he had been born in paris or new york, he would be 10 times as celebrated as he is.","[""so he began working in this schizophrenic way, both relentlessly recording history, but also serving as a photographer who was part of the state propaganda machine""]"
stig_0045,reddit,adhd,2019,adhd,batch4,no,,,,,,,,moderate,,
stig_0046,now,,2011,alcoholism,batch4,no,,,,,,,,moderate,"The Children, Victims of Adult Vices "" is effective public art that forces us to confront our vices and how they jeopardize the future of humanity. This group of sculptures features thirteen bronze figures depicting adult vices such as alcoholism, drug addiction, war and prostitution. The vices form a semi-circle behind two small, innocent, golden children, a girl and a boy who are blindfolded with hands outstretched toward each other into the unknown. The central adult vice figure, who looms above the children from a pedestal raising it above the other vices, is' Indifference'. Viewing the sculptures places us in the unnerving position of completing the semi-circle and forces the question, who am I to these children? Am I endangering them? Am I indifferent to their well-being? Where is this provocative, challenging and compelling public statement? Who would finance such a critical analysis of the human condition? Is it in Washington, D.C., near the seat of our federal government, as a counterpoint to the monuments we have No. Remember the uproar John Boehner made over the inclusion of "" Fire in the Belly "" at the Smithsonian last year? Eric Cantor called the video piece, created in the 1980s by artist and AIDS-activist David Wojnarowicz, who died from the disease at age 37,"" an outrageous use of taxpayer money and an obvious attempt to offend Christians during the Christmas season."" That video was promptly removed.",
stig_0047,reddit,depressed,2018,depression,batch4,no,,,,,,,,easy,,
stig_0048,now,,2014,adhd,batch1,no,,,,,,,,moderate,"A father of an 11-year-old boy in Texas with attention deficit hyperactivity disorder and dyslexia gave an account in the HRW/ACLU report of his son's experience being allegedly paddled by his principal in 2009: The first swat knocked my son down... when he fell, the principal said he had five seconds to get back up, or he'd start all over again... it probably took him a minute and a half to get up again. They gave him two more swats. Then the principal had to go to the nurse's office to get the asthma inhaler home from school, my wife found the marks on him.... He had severe bruising on his buttocks and on his lower back. His butt was just covered. Business Insider's own Jason Merriman gave his own account of being paddled by his public school teacher in seventh-grade in southwestern Ohio in 1996. He received the punishment for mumbling a curse at his teacher after she reprimanded him for bad behavior:",
stig_0049,now,,2020,depression,batch2,no,,,,,,,,easy,"Lindsay's most complicated artistic legacy came under the guise of "" tax abatements "" : financial incentives to encourage investment and development in the Times Square area. The abatements allowed developers to build new office buildings in exchange for huge tax breaks from the city. One provision forced the developer to add a theater on the ground floor of a new building as part of the deal, and in the 1970s, the Minskoff, the Uris (later renamed the Gershwin), and the renovated Circle in the Square were added to the Broadway landscape, the first new theaters built since the beginning of the depression. Unfortunately, they were cheerless and charmless, and Times Square got seedier and sleazier; when dire financial straits hit the city in brief period of redevelopment. By 1977, even the famous "" zipper "" sign that spun out headlines along the Times Tower for 50 years had turned out its lights. When Atlanta hotel magnate John Portman had contacted City Hall in the late' 70s about building a multistory hotel on Broadway, between 45th and 46th streets, Mayor Ed Koch put the project on a fast track. Now, this area in the' 70s was a sewer. This was the den of pornography, prostitution, felony crime, drug dealing — you name it. And along came Marriott in about 1973 and they wanted to build a new hotel here. Well, that hotel was advocated by everybody in this business, including us. We thought it represented a major signal that the area was alive and well, and so did everybody else. — Gerald Schoenfeld, the Shubert Organization",
stig_0050,now,,2011,adhd,batch2,yes,expressed/enacted,public,cognitive,,trivialisation or minimisation,,metaphor via terminology; stereotype language,hard,"Clean Closets, Clear Minds How could anyone concentrate with all that stuff crowding their closets, their minds, their life? Nine ADHD-friendly criteria for determining which junk you'll never miss. I've been in an ADHD-fueled clutter-clearing frenzy. For me, as for most people, order contributes to inner calm, and sweeping away unloved, unused stuff has made me happier. As I sifted through our clutter, I identified nine criteria for determining which stuff to throw away now — with no regrets.","[""I've been in an ADHD-fueled clutter-clearing frenzy.""]"
stig_0051,reddit,vent,2021,depression,batch4,no,,,,,,,,moderate,,
stig_0052,reddit,depression,2016,depression,batch4,no,,,,,,,,moderate,,
stig_0053,now,,2021,autism,batch1,yes,perceived/experienced,structural,,,,,,hard,"We are two autistic adults who depend on daily supports — help with things like making food and taking care of ourselves — to live in our homes. The COVID-19 pandemic has made it clearer than ever how vital these supports, known as home- and community-based services, are for people with disabilities. As Congress works to pass a final COVID-19 recovery package, our country has a chance to invest in these lifesaving services — but we're worried that once again, people with disabilities may be left behind. Julia runs the Autistic Self Advocacy Network, a policy advocacy organization working on disability rights issues. In April of 2020, ASAN began tracking COVID-19 deaths in institutions for people with disabilities. This research has borne out what we've always known: Our government's actions can make the difference between a society where people like us get the services we need to thrive in. Support services stopped","[""we're worried that once again, people with disabilities may be left behind""]"
stig_0054,reddit,trueoffmychest,2021,autism,batch3,no,,,,,,,,easy,,
stig_0055,now,,2022,bpd,batch4,no,,,,,,,,moderate,"To diagnose borderline personality disorder (BPD), the DSM-5 system comprises nine diagnostic criteria, of which a minimum of five need to be present. Performing this algorithmic combination yields 256 distinct presentations of BPD. Another set of criticisms of categorical systems is the "" paradox of self-stigma,"" noting the negative implications of public stigma and self-stigma, which results in decreased self-efficacy and self-esteem through believing the many stereotypes associated with mental illness. Allen Frances, former chair of the task force that produced the DSM-5, has been openly critical of the current DSM-5 by referring to it as "" the bible of psychiatry; the go-to place to find out who is sick and who is not "" and playing "" into the hands of' Big Pharma,' who are reaping multi-billion-dollar profits."" According to Frances, the changes which still rely exclusively on fallible subjective judgments rather than objective testing, and psychiatric diagnosis is facing a renewed crisis of confidence caused by diagnostic inflation.",
stig_0056,now,,2021,bpd,batch3,yes,expressed/enacted,public,cognitive,,dangerousness; immutability; moral or character flaw; uncontrollable,,,moderate,"psychologist george simon argues that these covert manipulators intentionally say and do things to get what they want? for power and control. for people who are characterologically disturbed, such as sociopaths and narcissists and some people with borderline personality disorder, he maintains that their tactics aren't unconscious in the way that defense mechanisms normally operate. however, their behavior is so habitual that over time it becomes reflexive. goals of a manipulator the goal of manipulation is to gain influence to get our needs met, but habitual manipulators do so for power and control and use deceptive and abusive methods. manipulators maintain domination through continuous, recurring emotional manipulation, abuse, and coercive control. often they're passive-aggressive. they may lie or act caring or hurt or shocked by your complaints? all to deflect any criticism and to continue to behave in an unacceptable manner. in maintaining control to do what they wish, manipulators aim: 1. the defensive 3. to make you doubt yourself and your perceptions 4. to hide their aggressive intent 5. to avoid responsibility 6. to not have to change","[""aren't unconscious in the way that defense mechanisms normally operate"",  ""habitual manipulators do so for power and control and use deceptive and abusive methods."", ""manipulators maintain domination through continuous, recurring emotional manipulation, abuse, and coercive control."", ""to hide their aggressive intent"", ""people who are characterologically disturbed, such as sociopaths and narcissists and some people with borderline personality disorder"", ""they may lie or act caring or hurt or shocked by your complaints? all to deflect any criticism and to continue to behave in an unacceptable manner. in maintaining control to do what they wish"", ""to avoid responsibility 6. to not have to change"",  ""to make you doubt yourself and your perceptions"", ""their behavior is so habitual that over time it becomes reflexive""]"
stig_0057,now,,2015,alcoholism,batch1,no,,,,,,,,moderate,"I have learned how to truly love, inspired me most about my own parents' marriage was their uncompromising devotion and deep commitment to each other. My mom and dad's marriage endured some incredibly painful times throughout its 46 years. Early on, they lost their 2-year-old son Brian to leukemia. Shortly after, Mom turned to drinking and suffered from alcoholism for many years. Those who knew Mom throughout her sometimes troubled life say she never fully recovered from the loss our family experienced. My dad stood faithfully by her through the ugly years of drinking, her recovery from that insidious disease, and her future years of sobriety. To me, loving someone is loving them through both the best and the worst of times, as well as being able to see the good in that person when they are unable to see it in themselves. A true marriage is about believing in one another and having faith that your love will endure forever. The happy times are easy, it's persevering through the challenging times that creates longevity and growth in am deeply thankful for their true love. Buyce has learned a lot from the couples she's photographed as well."" Marriage is complex, full of ups and downs and joys and sorrows,"" she told HuffPost Weddings."" Marriage is your own little universe that just the two of you create.",
stig_0058,reddit,autism,2022,autism,batch4,no,,,,,,,,moderate,,
stig_0059,now,,2024,schizophrenia,batch3,yes,expressed/enacted,public,cognitive,,uncontrollable,,metaphor,moderate,"it's such a schizophrenic battlefield "" : bidenworld is looking at the debate from all angles from the economy to democracy to abortion, the president has countless issues to juggle — not the least of which is his own age."" if right-wing twitter goes crazy saying he's hopped up on stimulants,"" says one insider,"" you'll know we won.","[""it's such a schizophrenic battlefield""]"
stig_0060,now,,2019,bpd,batch3,no,,,,,,,,easy,"she also acknowledged receiving care for post-traumatic stress disorder. during her divorce, jordinson was diagnosed with borderline personality disorder, though she disputed that conclusion. and police records in her new hometown of sarasota, florida show officers have expressed concerns about her mental stability when responding to multiple calls from clash between shanahan and his wife began after an evening at a friend's house, where both had been drinking, according to court documents. during the argument, jordinson ordered shanahan to leave their home and began to throw his clothes and other belongings out the front door. shanahan told police that night that she also attempted to light the pile of clothing on fire. jordinson said in a court filing in the couple's divorce that before shanahan left the house, he went to retrieve a briefcase from a closet near the bathroom where she was getting ready for bed.",
stig_0061,reddit,breakingmom,2018,bpd,batch4,no,,,,,,,,hard,,
stig_0062,reddit,banpitbulls,2018,alcoholism,batch4,no,,,,,,,,easy,,
stig_0063,reddit,justnotruth,2022,bpd,batch3,no,,,,,,,,moderate,,
stig_0064,now,,2020,depression,batch2,no,,,,,,,,easy,"(Bloomberg) — The Bank of Canada anticipates the nation's economy will need two years to fully recover from what it calls the "" steepest and deepest "" downturn since the Great Depression. In its most extensive set of forecasts since January, the central bank acknowledged the initial rebound from Covid-19 lockdowns has been strong. But it also painted a picture of a slow return to pre-pandemic levels of activity, persistent excess capacity, muted price pressures and plenty of uncertainty. Consumers are expected to remain cautious and business investment weak. "" The Bank of Canada expects a sharp rebound in economic activity in the reopening phase of the recovery, followed by a more prolonged recuperation phase, which will be uneven across regions and sectors,"" the central bank said Wednesday in a quarterly Monetary Policy Report."" As a result, Canada's economic output will likely take some time to return to its pre-Covid-19 level. Many workers and businesses can expect to face an extended period of difficulty.",
stig_0065,now,,2019,bpd,batch2,no,,,,,,,,easy,"One thing that amazed Sweeney about Me2/ is how musicians could walk through the rehearsal door and become something other than their "" issues."" She says people who have dealt with borderline personality disorder as she has, for example, otherwise "" spend a lot of life living and talking with those problems."" No matter the situation, participants in the orchestra would feel validated, she says. That helps break down the stigma of illegitimacy that comes with mental health — thoughts like,"" You don't have a broken arm, you ca n't see it, so it's not legitimate."" Plus, she adds, at practice,"" We didn't act afraid of each other "" or "" ask a bunch of questions."" could just talk about music or what she did over the weekend — not her mental health. Me2/ musicians have a range of expertise from conservatory training to high school band. Considering Braunstein's world-class pedigree, Sweeney marvels at the conductor's nonjudgmental attitude."" He conducts essentially amateurs and he doesn't seem like he's horrified or upset, he seems like he's having a great time,"" she says. Plus, he can adjust to having an abundance of one instrument or missing another. (Braunstein notes that the Boston orchestra currently needs violinists.)",
stig_0066,reddit,suicidewatch,2018,autism,batch3,no,,,,,,,,moderate,,
stig_0067,now,,2012,autism,batch1,no,,,,,,,,easy,"The Depiction of Autism and Why it Matters We are inundated with disturbing imagery depicting autism in the media. Perhaps one of the most famous was a video made by a well-known organization several years ago. It was a montage of a number of parents expressing their distress and the difficulties they face while raising an autistic child. Their children were almost always present as the parents spoke. The camera cut to those same children in full meltdown, stimming or sitting alone in a playground in stark contrast to their neurotypical peers who were running, shouting and laughing, while playing with one another. At one point a parent discussed how, for a brief moment she allowed herself the fantasy of driving off the George Washington Bridge with her autistic child in the backseat. No one disputes raising a child can be challenging, and raising a nonverbal child all the more so, but that is not the entire story. As someone who once devoured anything on the subject of autism through the lens of ignorance and as a result was paralyzed with the fear these depictions induced, I so obviously being employed. It is propaganda, whether intentional or not, biased, deeply prejudiced and intended to create fear. And it is doing tremendous damage to autistics and to all of our autistic children who will soon grow up to be autistic adults. These types of imagery perpetuate the marginalization and unfortunate stereotyping of people on the spectrum. In using the images of autistic children it negates and ignores the effect these depictions have on those same children 10 or 15 years from now, when they grow up to be autistic adults. Sadly, it is not just any one organization engaged in this kind of negativity and bias. News programs routinely air shows about "" savants "" who are seen as fascinating curiosities or programs about the tragedy and horrors of autism, citing statistics and the growing numbers, with shrinking resources available.",
stig_0068,reddit,bpdlovedones,2022,bpd,batch2,no,,,,,,,,moderate,,
stig_0069,now,,2023,schizophrenia,batch1,no,,,,,,,,moderate,"In a separate document, Allen's attorneys argue that around the time the call was made he "" appeared to be suffering from various psychotic symptoms which counsel would describe as schizophrenic and delusional."" They also said Allen seemed to have memory loss and "" an overall inability to communicate rationally with counsel and family members."" The attorneys note that this behavior was very different than what they were used to from Allen. Attorneys for Allen, the prosecuting attorney and the families of Abby and Libby are not allowed to publicly comment on the case.",
stig_0070,reddit,advice,2020,autism,batch3,yes,expressed/enacted,public,cognitive,,incompetence,,,easy,,
stig_0071,reddit,suicidewatch,2022,depression,batch2,no,,,,,,,,moderate,,
stig_0072,now,,2012,alcoholism,batch2,no,,,,,,,,easy,"The New York State Inebriate Asylum was the first place in the country to treat alcoholism as a disease. It later went on to become the Binghamton State Hospital and Binghamton Psychiatric Center. Lupardo says "" the Castle "" was placed on the National Registry of Historic Places in 1996. It was named a National Historic Landmark the following year.",
stig_0073,now,,2016,adhd,batch2,no,,,,,,,,easy,"Ten years ago, over 60 percent of football and women's basketball players at the University of North Carolina at Chapel Hill were diagnosed with a learning disability or attention-deficit hyperactivity disorder, or ADHD, according an investigation into its fake-class scandal. Bradley Hack, a sports psychologist who consults with the athletic department, raised concerns about those figures in a 2012 email he sent to two neuropsychologists. He suggested that the testing, which was done by an independent neuropsychologist, was inadequate, and that nearly every student who was evaluated received an ADHD diagnosis. David B. Coppel, director of neuropsychological services and research at the University of Washington Sports Concussion Program, expressed concerns to Mr. Hack about one of the tools that the Chapel Hill neuropsychologist was using. Another neuropsychologist, Adam Shunk, who works with Purdue's athletic department, said the interviews of Chapel Hill athletes did not appear to be thorough, but that some institutions overlooked such problems.",
stig_0074,reddit,loona,2020,schizophrenia,batch2,no,,,,,,,,moderate,,
stig_0075,now,,2024,bpd,batch3,no,,,,,,,,hard,"chatbots are manipulative for the same reason people with borderline personality disorder are,"" he said."" they have no stable internal sense of self or goals, so they feed off of yours — and need you to be predictable."" it could very well be that stem ai is developing solutions to address this "" ai alignment "" problem.",
stig_0076,reddit,deadbedrooms,2021,depression,batch4,no,,,,,,,,moderate,,
stig_0077,reddit,adultchildren,2018,alcoholism,batch3,no,,,,,,,,moderate,,
stig_0078,now,,2024,adhd,batch2,no,,,,,,,,moderate,"The reality is that private schools can deny students their special education rights, deny admission based on academic or behavioral challenges and typically don't provide transportation or meals. For example, private schools are not legally obligated to serve students with Individualized Education Plans to address their special needs due to speech impairment or physical disability or attention deficit hyperactivity disorder, among other designations. As a result, they will never be a solution for all kids. Even in some magical world where students from an underperforming school who were accepted into a local private school could find the extra tuition through scholarships, could get transportation to and from school each day, and be successful in law, that would at most be a success for a handful of children. Most students would remain behind at that underperforming public school, which now has even less funding since the student population has decreased. In this way, voucher bills pick winners and losers. Don't we want all of our students to win?",
stig_0079,now,,2022,autism,batch2,no,,,,,,,,easy,"Raiff plays Andrew, who starts a relationship with Domino (Dakota Johnson, one of the film's producers alongside Raiff), the mother of a girl named Lola who has autism (Vanessa Burghardt). Leslie Mann and Brad Garrett play Andrew's parents. ""' Cha Cha' for me is about two soulmates helping each other get strong for different stages in their life,"" Raiff said in a behind-the-scenes Sundance video."" I wanted to say something about what your 20s should be for — and I have no idea what it should be for — but I wanted to write a character who was really into starting other people's parties, but your 20s are kind of the time where you need to start your own directed and starred in the college-set film "" Sh-thouse "" in 2020. The movie won the grand jury award for narrative feature at the South By Southwest Film Festival. "" The way he studies people — and absorbs people — and is able to write them is really special,"" Johnson said at a Sundance Q&A for the premiere."" These relationships are special... and they're not common on screen but they're common in life and it's important they're on screen.",
stig_0080,reddit,gaming,2021,depression,batch2,no,,,,,,,,easy,,
stig_0081,reddit,bpdlovedones,2018,bpd,batch2,yes,expressed/enacted,public,affective; cognitive,"anger, irritability or frustration",pity/condescension; uncontrollable,,stereotype language,moderate,,
stig_0082,reddit,stopdrinking,2016,alcoholism,batch4,no,,,,,,,,moderate,,
stig_0083,reddit,alcoholicsanonymous,2018,alcoholism,batch4,no,,,,,,,,easy,,
stig_0084,reddit,offmychest,2021,depression,batch3,yes,expressed/enacted; perceived/experienced,self,,,,,,easy,,
stig_0085,now,,2025,alcoholism,batch2,no,,,,,,,,easy,"Or those who suffered thanks to policies he supported, from an illegal vaccine mandate and the wrongful firing of vaxxed, to school shutdowns that blighted millions of childhoods, to the pointless lockdowns that led to soaring rates of suicide, alcoholism and drug abuse? Not to mention the pervasive coverups of other COVID frauds and follies. Though Biden subverted justice with his pre-emptive pardon, his decree could pave a path to truth.",
stig_0086,reddit,coronavirusdownunder,2021,depression,batch4,no,,,,,,,,easy,,
stig_0087,reddit,firearms,2021,autism,batch2,yes,expressed/enacted,public,cognitive,,incompetence,,direct pejoratives,hard,,
stig_0088,now,,2019,adhd,batch2,no,,,,,,,,easy,"Women entrepreneurs are solving critical global problems bringing diverse perspectives and expertise. CIRCLE has been a partner for She Loves Tech for 3 years and this year, we held rounds in 5 cities across where she received high ranking from the judges. Her startup tackles ADHD using AI and gaming for treatment. We return with many learnings & excited to support her journey,"" said Sadaffe Abid Founder CIRCLE",
stig_0089,now,,2016,alcoholism,batch2,no,,,,,,,,easy,"But she could not overcome years of alcoholism and mental illness. Lee Tibbets unresponsive after taking pills that morning in a shelter they shared in a wooded area along the Red Lake River west of Crookston. "" She just went so far under, she didn't wake up,"" Tibbets said, sitting in a motel room acquaintances had paid for.",
stig_0090,reddit,twohottakes,2022,alcoholism,batch2,no,,,,,,,,moderate,,
stig_0091,now,,2013,adhd,batch2,no,,,,,,,,moderate,"Movers, Dreamers, and Risk-Takers: Unlocking the Power of ADHD When you have a disability, the world by and large tends to magnify and focus on what is "" wrong "" with you. Friends of mine who were diagnosed with Attention Deficit Hyperactivity Disorder in school were constantly told to "" just sit down,"""" behave,"" and "" do your work."" They were often labeled as "" problem children "" or told they were "" hard to deal with "" in the classroom. Kevin Roberts, in his book Movers, Dreamers, and Risk-Takers: Unlocking the Power of ADHD, posits that this negative attitude toward people he affectionately calls "" ADHD-ers "" is part of the problem. He believes that changing the way society, educators, and parents approach ADHD would go a long way to help ensure ADHD-affected kids do better in school and in life. He points out that people with this disability tend to be considerably more creative, goal-oriented, and out-going than those of us without ADHD. And he recommends how those affected by the disorder can adapt writer, Roberts is engaging; as a comedian, he is able to laugh at himself and keep the book light-hearted and upbeat. As a life coach, ADHD counselor, and ADHD patient, he demonstrates that he has the professional and personal experience to speak from a position of authority on the subject. This combination of personal and professional experience, positivity, and humor makes his book an irresistible read.",
stig_0092,now,,2021,bpd,batch3,no,,,,,,,,moderate,"i have lived with borderline personality disorder since i was a teenager, but never sought help or got a diagnosis because i was raised to believe i should be able to fix myself and deal with my own problems. i didn't believe that therapy could help me, and that going would be an admission of weakness. matthew weatherly-white, a retired finance professional, had a similar bias against psychological treatment, only to see his life overcome by emotional anguish that seeped into his personal and work relationships."" i blew up a marriage, a business partnership and a role as co-founder in a multi-billion asset management firm,"" he says,"" all because i thought therapy was for the weak-willed and soft-minded.",
stig_0093,reddit,stopdrinking,2021,alcoholism,batch2,yes,expressed/enacted; perceived/experienced,public; self,cognitive,,moral or character flaw; trivialisation or minimisation,,stereotype language,moderate,,
stig_0094,reddit,relationships,2019,autism,batch3,no,,,,,,,,easy,,
stig_0095,reddit,weddingplanning,2021,alcoholism,batch4,no,,,,,,,,easy,,
stig_0096,reddit,asianparentstories,2018,bpd,batch3,no,,,,,,,,easy,,
stig_0097,now,,2025,schizophrenia,batch1,yes,expressed/enacted,public,cognitive,,dangerousness,,,hard,"At eight years old, Jake Lloyd became the co-lead of a Star Wars movie when he was tapped to play Anakin Skywalker. But the former child star's Hollywood career didn't last. He experienced bullying in school and harassment from the press, and, years later, Lloyd made headlines as an adult due to multiple run-ins with the law, including a 10-month jail stint, and his schizophrenia diagnosis. Apparently, the Phantom Menace actor is doing much better these days, though, is even discussing how he's reconnecting with the sci-fi franchise and its fans. Lloyd, who is currently 35, has now been dealing with mental health struggles for 15 years now, but he recently told Clayton Sandell (by way of his Substack) that he's been finally feeling "" pretty good."" The child actor recently completed an 18-month and is starting 2025 in a rehabilitation center that allows him freedom to live as he pleases. As for his connection to Star Wars fans these days, Lloyd said this: The experience I've had with the fans is immediately therapeutic. Right now, it's still therapeutic. It's helpful for people and healthy. It isn't something I'd shy away from.... I really do appreciate the time that's been taken on us. I'm very appreciative.","[""Lloyd made headlines as an adult due to multiple run-ins with the law, including a 10-month jail stint, and his schizophrenia diagnosis""]"
stig_0098,reddit,karmacourt,2018,autism,batch4,yes,expressed/enacted,public,cognitive,,pity/condescension,,,hard,,
stig_0099,now,,2010,depression,batch1,no,,,,,,,,moderate,"Watching someone struggle with myeloma can be a very emotional and difficult time for a caregiver. Caregivers usually experience high levels of stress, and according to the Family Caregiver Alliance, between 40 to 70 percent of caregivers have symptoms of depression. These symptoms include changes in eating and sleeping habits, fatigue, loss of interest in people or activities, and ongoing physical symptoms that do not respond to treatment. While it is your symptoms are more severe, you should consult a doctor. It is important to treat depression properly so you are in the best condition possible to help your loved one. Although Nan did not suffer from depression, she knew the devastating effects her sadness could have on Dom:"" I tried to keep my chin up in his presence, but there were many times that I would cry. I tried to never let him see that. I always tried to remain completely positive.",
stig_0100,reddit,borderlinepdisorder,2022,bpd,batch3,yes,expressed/enacted; perceived/experienced,self,,,,,,moderate,,
stig_0101,now,,2011,alcoholism,batch4,no,,,,,,,,moderate,"Can pedophilia be cured? No. There's no magic cure that can make the sexual attraction to children go away, and up to 50 percent of convicted pedophiles re-offend. But like drug addiction, gambling addiction, and other destructive obsessions, pedophilia can be successfully treated, if pedophiles are motivated to stop their behavior. The most common treatment for pedophiles is "" relapse prevention,"" a lifelong therapy similar to alcoholism treatment that conditions them to live with their obsession but not act on it. Some clinics offer aversive conditioning, or "" shame therapy,"" which forces pedophiles to associate their urges with something painful or unpleasant, such as an electric shock. There are also drugs that can suppress a pedophile's sex drive. With the right combination of drugs and therapy, pedophiles can learn to resist their urges, said Dr. Fred Berlin, founder of the Johns Hopkins Sexual Disorders Clinic."" We're not going to be able to put out the fire,"" he of containing it."" The dangers of the InternetThe Internet has given sexual predators a new way of finding victims, but most of these predators are not technically pedophiles. About 99 percent of the sex crimes committed through Internet-initiated contacts involve the statutory rape of teenagers, rather than little children. Pedophiles, who by definition prefer children who have not reached puberty, rarely meet victims online. But the Internet does give them a forum to communicate with one another. European and U.S. police recently busted 70,000 members of an online message board where pedophiles exchanged child pornography and stories of abuse, along with justifications for their behavior. This kind of community "" allows pedophiles to avoid admitting that their desires are harmful and illegal,"" said former police commander and anti-pedophile campaigner Bill Walsh."" That can allow them to take that final step and cross over from fantasy into real-world offenses.",
stig_0102,reddit,raisedbynarcissists,2018,alcoholism,batch4,no,,,,,,,,easy,,
stig_0103,reddit,alcoholism,2020,alcoholism,batch3,no,,,,,,,,moderate,,
stig_0104,now,,2024,schizophrenia,batch4,yes,expressed/enacted,structural,,,,,,moderate,"It isanother example of the public not getting what they paid for,"" said Rick Glassman, the director of advocacy for the review of Bear Mountain that began in October 2021 after the center received reports of low staffing, overmedication, and neglect at the Worcester facility, which houses up to 140 people. The facility specializes in the care of people with such neurobehavioral conditions as traumatic brain injury, schizophrenia, and dementia. The concerns raised included understaffing, inadequate staff expertise, and an overreliance on medication to treat patients. In some cases, investigators found appalling conditions: rodent infestations and patients partially dressed; some patients lying in bed without even a television for stimulation. In a statement, Bear Mountain Healthcare, which owns 17 facilities in Massachusetts and New Hampshire, said the Worcester facility provides high-quality care that's subject to scrupulous oversight.",
stig_0105,now,,2020,adhd,batch3,no,,,,,,,,moderate,"the "" terrible twos "" actually begin sometime during a child's second year of life — say, 18 months — and last until around his or her third birthday. that finite period assumes that the child's parents accomplish what is described in the previous paragraph during that time. if they fail to do so, toddlerhood continues. eventually, it becomes known as attention deficit hyperactivity disorder, oppositional defiant disorder and/or bipolar disorder of childhood. blaming the child's biology (even though no one has proven that said "" disorders "" are biologically based) is so much more tidy (and profitable) than implying that his parents failed in their mission. so, the question begs, how does one complete the mission by age 3? first, childproof the home. that ensures that parents will not spend great energy his little hands, yelling "" stop that!"" 50 times a day and generally setting disciplinary precedents that will come back to haunt them.",
stig_0106,reddit,bpd,2022,autism,batch2,no,,,,,,,,easy,,
stig_0107,reddit,acne,2021,depression,batch4,no,,,,,,,,easy,,
stig_0108,now,,2012,adhd,batch1,no,,,,,,,,moderate,"Physical movement improves mental focus, memory, and cognitive flexibility; new research shows just how critical it is to rebuild) attention span have shown promise recently as adjuncts or alternatives to amphetamines in addressing symptoms common to Attention Deficit Hyperactivity Disorder (ADHD). Building cognitive control, to be better able to focus on just one thing, or single-task, might involve regular practice with a specialized video game that reinforces "" top-down "" cognitive modulation, as was the case in a popular paper in Nature last year. Cool but still notional. More insipid but also more clearly critical to addressing what's being called the ADHD epidemic is plain old physical activity. On a morning last fall, Patrick Drum sat quietly in his black and white striped uniform and handcuffs as he awaited his fate. The sleeves of his top were short enough to reveal a tattoo reading "" Win Some "" on his right forearm and one reading "" Lose Sum "" on the left. From the court's gallery where dozens of reporters and community members sat, he seemed barely to move as the families of the two men he had killed four only thing I'll say is I don't has no sympathy for the man who shot and killed my son,"" said Jerry Ray's father, Paul, his voice breaking. The wife of the other victim, Gary Blanton, said Drum's followers were harassing her and her family — spitting at them, parking at night outside her home."" Tell your supporters to stop,"" she said."" My children and I don't deserve this... I think we've suffered enough.",
stig_0109,now,,2012,bpd,batch1,no,,,,,,,,moderate,"Sneed was diagnosed with early onset bipolar disorder and borderline personality disorder at the age of 13. She was academically gifted and graduated from high school sought mental health treatment for years. There are some African Americans who believe' I don't want anyone in my business and I have to deal with my problems by myself.' Subscribe to EBONY today! Connect to Black America. We are not "" old Black "" nor "" new Black "" we are ALL Black.",
stig_0110,now,,2012,depression,batch4,no,,,,,,,,easy,"The league currently faces lawsuits from about 3,400 former players or their families who say that the NFL downplayed and misrepresented the risks of head injury and concussion to players. The players say their injuries led to depression, memory loss and other neurological problems. The league denies the allegations in the lawsuits and says it never withheld information about the dangers. "" Well before this study was released, the NFL took significant steps to address head injuries in football, provide medical and financial assistance to our retired players, and raise awareness of the most effective ways to prevent, manage and treat concussions,"" said league spokesman Brian McCarthy in a statement, according to the Los Angeles Times. The new study calls for further research into all factors that may underlie the risk of developing brain disease among new study may underestimate the true long-term risks of repeated head injury to modern-day football players. The study included ex-NFLers from a past era, when players weren't as big or strong or fast as they are today."" The game's changed a lot since then in ways that are potentially worse for player's outcomes,"" Steve Marshall, an epidemiologist at the University of North Carolina, told the L.A. Times.",
stig_0111,now,,2020,depression,batch4,no,,,,,,,,hard,"In a recent conversation with Moore's mother, she said she would like her daughter's memory to consist of more than just "" model "" or "" actress."" She was a mother, a daughter, a nurse's assistant, a friend to many and someone who battled depression. "" She had gone through a long history of depression thinking she was not adequate enough to be a mother,"" Moore's mother Rochelle Moore said."" She had finally found her niche in life."" Shalaymiah Moore died from several gunshot wounds to the back and shoulder in an incident that happened about 3:15 a.m. Friday on Lakeshore Boulevard just west of East 210th Street, according to Euclid police. Paramedics took her to University Hospitals, the grief of losing a child to gun violence is all too familiar. Her son, Shalaymiah Moore's brother, died in a shooting 13 years ago in East Cleveland.",
stig_0112,now,,2019,schizophrenia,batch3,yes,expressed/enacted,public,cognitive,,incompetence,,metaphor,moderate,"it would be like somebody pooping their pants and then people looking at it and saying,' oh, that's modern art, don't you understand? — i'm making a statement against russian aggression in crimea',"" scarborough exclaimed in another clip. he also has claimed trump has an "" advanced form "" of "" political schizophrenia.","['he also has claimed trump has an "" advanced form "" of "" political schizophrenia']"
stig_0113,now,,2025,schizophrenia,batch3,no,,,,,,,,easy,"chen was diagnosed last year as bipolar and schizophrenic, according to police sources. he was shot once in the head and twice in the chest in the morning confrontation with police. he later underwent surgery at maimonides medical center and is now in stable condition, police said. if he recovers he will likely be charged in the brutal assault in which he allegedly attacked his 16-year-old daughter and three nieces, ages 8, 11 and 13. the 16-year-old girl was watching the cops said. one child was stabbed more than 10 times in the neck and head. another lost a finger, police said.",
stig_0114,now,,2019,depression,batch4,no,,,,,,,,easy,"Many veterans' experience of returning home is wrought with depression and a wrenching disconnect from the world they once knew. Family, old friends and jobs seem foreign and the film looks at the challenges faced by newly returned men and women as they struggle to function and return to a normal civilian life. Often the meds and therapy provided by the VA hasn't helped these veterans imprisoned by the wounds of trauma, and they suffer trying to handle even film shows is the undeniable change in the psyches of these men and women once they are introduced to their trained service animals. The unconditional love and support offered by these highly trained canines become the bedrock for them to re-engage with the outside world and to learn to feel again. In addition to providing constant companionship, these dogs help veterans navigate their fears. They help them sleep without night terrors, they support them as they face their daily challenges, and, over time, they restore their ability to feel safe, to be independent, to trust and to love again. The film introduces the viewer to several veterans just before they are paired with their service dog and learn how profoundly difficult their lives have been. The film explores how each veteran is paired with his or her specific dog and follows each of them throughout the initial months to see how this deeply bonded friendship brings a return to independence and love for these men and women who have been so traumatized by war. Since for veterans suffering from PTSD, including therapy and medications, but, as of yet, there is no universally effective protocol. The VA launched a pilot program evaluating the benefits of service dogs for PTSD, which has taken many years to complete, but their conclusions have still not been announced and as yet the VA will not sanction service dogs as a treatment for PTSD and no funding will be forthcoming for dogs.",
stig_0115,reddit,relationship_advice,2019,bpd,batch3,no,,,,,,,,easy,,
stig_0116,reddit,depression,2014,depression,batch2,no,,,,,,,,easy,,
stig_0117,now,,2021,autism,batch4,no,,,,,,,,moderate,"Liam is an autistic young man. He and his family won a landmark case in 2017 over NDIS transport funding that had implications for thousands of other people who rely on the NDIS for support. But in November the Morrison government cut Liam's plan by $38,000, including his transport funding, bringing the family to tears. Prime minister, how many individual participants like Liam had their NDIS funding cut in the last 12 months? Stuart Robert responds on behalf of minister Linda Reynolds: The minister is well aware of the concerns raised by (Liam's mother). The minister received direct communication from her a number of weekends ago, I will be responding to the concerns raised. On receipt of the concerns raised, the agency made contact with the family. I understand they have acknowledged the error that has been made in relation to the transport funding. The NDIA has apologised for that error. And the issue is being resolved through that process.",
stig_0118,reddit,raisedbyborderlines,2022,bpd,batch4,no,,,,,,,,moderate,,
stig_0119,now,,2020,schizophrenia,batch3,yes,expressed/enacted,public,cognitive,,incompetence,,metaphor,moderate,"this is not the first time this president has looked schizophrenic, because there's a long history of him vacillating between incompatible messaging and policy directives,"" said a former senior administration official, who spoke on the condition of anonymity to offer a candid assessment."" this is no outlier. this is a result of a more ad hoc approach to governing."" in the midst of a pandemic that affects every american and that knows no boundaries of geography, class or race, trump — who has personalized his office, polarized the public and smeared the media more than any president in recent memory — has struggled to assert national leadership and summon broad credibility. and his lack of clear and factual information has left governors and mayors to step in, making varying decisions for their localities that have resulted in a patchwork response.","[""this is not the first time this president has looked schizophrenic, because there's a long history of him vacillating between incompatible messaging and policy directives""]"
stig_0120,reddit,depression,2017,depression,batch4,no,,,,,,,,moderate,,
stig_0121,reddit,neighborsfromhell,2020,alcoholism,batch2,yes,expressed/enacted,public,cognitive,,moral or character flaw,,jokes and mockery; stereotype language,hard,,
stig_0122,reddit,bipolar,2019,adhd,batch4,no,,,,,,,,moderate,,
stig_0123,reddit,adhd,2018,adhd,batch2,no,,,,,,,,easy,,
stig_0124,now,,2023,bpd,batch3,no,,,,,,,,easy,"hair-trigger reactivity is a strong trait of borderline personalities (millon, 2011; bogetti & fertuck, 2022). this can be in rage, self-destruction, or expansive emotionality, which may be mistaken for mania if one doesn't know better. anyone who is familiar with borderline personality disorder (bpd) knows that this reactivity can, in turn, trigger impulsive, defensive reactions in observers/targets. unfortunately, this renders them part of the problem sequence. interacting regularly with someone with bpd can be frustrating and often brings family, lovers, or colleagues to therapy. years of working with people close to someone with bpd taught me that no matter how well they know the person, the propensity "" to get their buttons pushed "" remained high, lending itself to their own reactivity. it's easy to wag fingers at those with bpd for not being able to contain what true if it concerns something most others deem a trivial disappointment, like rescheduling a get-together. however, the volatile dynamic can quickly become a two-way street if observers' reflexive, defensive commentary is not kept in check. ideally, people learn to protect/defend themselves from the dysregulation in a way that does not encourage a circular dynamic.",
stig_0125,now,,2021,adhd,batch2,no,,,,,,,,easy,"Biles tried to shut it out, moving Twitter off her main phone "" she said."" I don't need to hear other people's opinions."" But she heard enough of the rumors, like that she was withdrawing from ADHD medication."" I haven't taken that since 2017, so we can throw that out."" Biles had daily checkups with a doctor and twice-daily sessions with a sports psychologist to help her feel at peace with missing the other finals. She Facetimed with her family and boyfriend. And she cried.",
stig_0126,now,,2021,adhd,batch4,no,,,,,,,,moderate,"The world is not kind to people who follow the rules. It likes to make you think it is, but that's the big grift, isn't it? Promise the masses that the best way to success, safety, joy, and belonging is playing the game; meanwhile, the game turns their lifeblood into money for the powerful people living outside it. We see this narrative of desperation emerge everywhere lately. It's why Squid Gameand Bo Burnham's Inside are phenomena, while the employees of the network that released them have staged walkouts. It's why industries across the country are unionizing and striking and why countless workers are bowing out entirely. It explains the spike in ADHD diagnoses and the exploding popularity of a random pug on TikTok. We were told running this gauntlet would produce results, and as it turns out, the gauntlet was producing results — just not for us. Now, as we teeter on the edge of multiple apocalypses — one of which has — we're being forced to ask ourselves: What is this all for? This being another sort of apocalypse, every character in Y: The Last Man has had to reckon with that question too, on some level or another. 355 has been wrestling with it as she fights to understand who she is beyond the employer that took her in and gave her purpose while robbing her of innocence, identity, and the ability to forge meaningful relationships. The ex-inmates of Marrisville and the peace they've found here have sent her reeling. She's spent her life doing and murdering as she was told so as to prove to her handler and her country that she was special. Doing her job — doing it better than anyone — was supposed to have been a "" leg up in a world that wasn't built for "" her; her job "" earned her her place "" in it. Her handler told her that that world didn't reward obedience, then turned around and demanded it of out of fear of becoming like these inmates, the forsaken dregs of society. Yet here they are, having all ended up in the same place anyway. 355's body count is probably higher than the rest of the town's combined, but that's all she has. On the other hand, these women, condemned though they were for breaking The Rules, have salvaged joy. Despite having been locked away and forgotten — even targeted after the Event killed their jailers — Marrisville's ex-cons are a functioning community, with love and social skills and the ability to savor life rather than constantly gaming it out. In the kitchen, Sonia thinks she's making 355 uncomfortable by outing her feelings for Yorick, when it is, in fact, the prospect of their being the same and the accusation that she is unable to articulate feelings in general that rattle her.",
stig_0127,now,,2016,alcoholism,batch1,no,,,,,,,,moderate,"The minimum legal drinking age (MLDA) in the U.S. regulates the age at which individuals can legally purchase and possess alcohol in public. An MLDA of 21 has been linked to a number of benefits, including a lower risk for alcoholism in adulthood. However, no studies have examined linkages between exposure to MLDAs during young adulthood and mortality later in life. This study examined if young adults - college and non-college students - exposed to a permissive MLDA (younger than 21) had a higher risk of death from alcohol-related chronic diseases compared to those exposed to an MLDA of 21. Researchers combined and analyzed data from 1990 - 2010 U.S. Multiple Cause of Death files as well as data on census and community populations. Individuals who turned 18 during the years from 1967-1990 were included, as this is the time period during which MLDA varied across states. Study authors also examined records on death from several alcohol-related chronic diseases such as liver disease and alcohol-related cancers. Findings indicate that an MLDA of 21 seems across the lifespan, at least for those who have not attended college. Individuals who did report college attendance appeared to derive no benefits from the MLDA of 21. The authors speculate this may be due to higher levels of binge drinking on college campuses, a campus environment that insulates against policies aimed at curbing underage drinking, and a culture that promotes drinking to excess.",
stig_0128,now,,2020,bpd,batch3,no,,,,,,,,moderate,"the relationships of people with borderline personality disorder (bpd) are known to be fraught with difficulty, due at least in part to the tendency these individuals have to pick the wrong partners. perhaps you have a friend who has bpd and you've gotten used to helping her through more than her share of bitter endings. you wish that you could help her avoid getting into these difficulties in the first place so that she could see the warning signs in a potential partner before the relationship heads toward its inevitable downhill path. according to a recent study by university of heidelberg's haang jeung and colleagues (2020), the problem lies in part within the tendency for people with bpd to have less "" inequity aversion "" in the social decision-making process than do their healthier counterparts. in other words, most people don't want to get involved with someone who they think will take advantage of them due to a basic sense whether those with bpd have blinders on when contemplating a new and potentially toxic relationship. there may be times when you'll do something for someone else without thinking of your own rewards, but over the long run, you would expect to get as much as you give from your close relationships. you will leave a relationship that involves excessive violation of the normal "" tit for tat "" that characterizes social decision-making.",
stig_0129,now,,2012,autism,batch3,no,,,,,,,,hard,"using a visual test that is known to prompt different reactions in autistic and normal brains, harvard researchers have shown that those differences were associated of the brain's chief inhibitory neurotransmitters. scientists identify a molecular key that helps cells maintain identity and prevents the conversion of adult cells into induced pluripotent stem cells — a process that would require a cell to "" forget "" its identity before assuming a new one.",
stig_0130,now,,2011,adhd,batch4,no,,,,,,,,moderate,"What makes this latter issue most noteworthy is a) the massive pharmacologization of American youth, whose prescriptions for psychiatric medications have risen by several multiples over the last two decades of abuse are pharmaceuticals:"" Six of the top 10 illicit drugs abused by 12th-graders in the year prior to the survey were prescribed or purchased over the counter."" The leading drugs used were the painkillers Vicodin and OxyContin, and also included stimulants prescribed for ADHD. Most experts don't prefer a Vicodin or amphetamine-like habit over marijuana use. In this picture, can we realistically hope to create a drug-free generation, or even to reduce overall psychoactive drug use? Nearly all signs, really, seem to point in the opposite direction, where children will be expected to learn some skills in managing psychoactive substances, and where there will be less time, effort and money that can be devoted to encouraging, with great difficulty, a small percentage of all alcoholics and addicts to quit their substance of choice entirely.",
stig_0131,now,,2010,adhd,batch4,no,,,,,,,,moderate,"I think LiLo is very very sly. She obviously conned the people in rehad as she only did like 22 days instead of the 90 and they said she had been "" misdiagnosed "" and has ADHD. She was getting her Adderall the WHOLE time she was in rehab. I think money talks and remember people she is an actress. And she has a story (as all users do) and she gave the performance of a lifetime. Now the sad story is she has no good role models or parents who can take her away from LA and the scene and really help her get clean. Sorry to say but this girl may end up dead. If I was the producer of Inferno - at this point - your fired! She has cooked her own goose. Maybe she should she was sentenced for so she has time to get sober, face reality, think about her actions, and learn from her mistakes. The people around her should stop aiding this cycle, in pulling every legal loophole and catering to her every whim so she doesn't experience any discomfort, and start caring about her well-being. Jail or rehab is no walk in the park for anyone, they're not made to be... she's going to be uncomfortable. It's just part of any healing process. Deal.",
stig_0132,now,,2024,autism,batch4,no,,,,,,,,moderate,"That's the message the manager of Philadelphia cheesesteak joint Max's Steaks had for PennsylvaniaRepublican U.S. Senate candidate Dave McCormick, after his campaign held an event outside the restaurant Friday that the eatery was told would be about autism awareness. Mike Sfida — who agreed to hold the event because his niece and nephew have autism — was alarmed when he saw Donald Trump signs being hung outside the beloved North Philly spot on Friday, the Philadelphia Inquirerreported. McCormick arrived, gave a campaign stump address, and then handed out free sandwiches. "" We didn't sign up for that at all. Zero,"" he told the newspaper after the event, which he allowed the McCormick team to finish before making clear they should stay away from his restaurant thereafter."" I could throw them all out of here, but I'm going to be nice. Do your thing. When you're done, leave. You're not welcome back.",
stig_0133,reddit,offmychest,2022,autism,batch4,no,,,,,,,,easy,,
stig_0134,reddit,relationship_advice,2019,autism,batch2,yes,expressed/enacted; perceived/experienced,self,,,,,direct pejoratives; stereotype language,moderate,,
stig_0135,now,,2023,schizophrenia,batch2,no,,,,,,,,moderate,"The next day we found out that at the exact time we were taking the outside stairs, one of our classmates was pulling at the base of the main stairs. He'd been kicked out of the program for his grades and snapped. My friend still talks about it and tells people to always trust my instincts."" 5."" In my twenties, I was roofied, assaulted, and left for dead in a muddy ditch (next to my car) in a SUBURBAN NEIGHBORHOOD. I awakened face up, thank God. I never knew who did it.... I've always wondered if they thought I'd roll over while passed out from being drugged and drown."" 6."" July 27, 2002; Sknyliv air show disaster. I turned five years old the day before. It's one of my most vivid memories from childhood; how the pilot landed 10 meters away from me and my dad. He was on his knees, his parachute dangling in the wind and I remember him repeating' what have I done?' over and over. I didn't understand much of what eyes, we have to go.' My dad told me years after that we would have gone farther into the crowd but I refused to go because my shoelace was untied. Him kneeling to tie my shoes is the only thing that saved us. It wasn't bone-chilling at the time but when I imagine what my dad witnessed that day I get goosebumps."" 7."" I'm a criminal defense investigator. I had a murder case involving two brothers. The one accused of the murders, and his brother, who had schizophrenia and lived in a potato shack in the middle of the desert. I needed to talk to him several times throughout the course of the investigation, and since he didn't have a phone or electricity, I had to drive several hours out to his house and yell his name from the fence line until he came out of the shack. This investigation lasted for several years, and over time I developed a rapport with the brother with schizophrenia, and I He eventually gets a girlfriend; she's a woman taking meth who has mistaken his schizophrenia for meth-induced psychosis. I talked to her a few times in jail when she was sober, and she was surprisingly charming and insightful. The last time I go to see him, it's a dark winter night and his girlfriend is there; she's lurking in the shadows and staring daggers at me the entire time I'm talking to him. I cut off his conversation about the speakers in his fillings and walk back to my truck to leave. A minute later, he comes running out and tells me that he wants to show me something in his shack. He's never invited me inside before, and I'm not thrilled by the prospect. The whole thing feels off to me, so I tell him I have to get going, and start the truck.",
stig_0136,reddit,casualiama,2019,autism,batch4,no,,,,,,,,moderate,,
stig_0137,now,,2024,autism,batch3,no,,,,,,,,easy,"ryan gainer, a black autistic teen, was shot and killed by california deputies after a mental health episode protocol, his family said they should have deescalated the situation.",
stig_0138,now,,2015,bpd,batch3,yes,expressed/enacted; perceived/experienced,self,,,,,,hard,"following a two-year stint of treatment for borderline personality disorder and heroin addiction, i re-entered the world with the moniker' sammy the new passion i discovered while institutionalized. on friday afternoons, they'd make us draw or paint. i hated it until, one day, it just clicked and became my favorite thing in the world."" "" a graduate of the law center at georgetown university in washington, dc, i have no formal arts training. i like colors and funny faces. admittedly, it's more than that but i'm the first to admit i've got zero technical ability."" "" bright colors, rotten smiles, and snarky captions in bold block-letters characterize my work but a closer look reveals intensely honest, reflective, personal journals in small print. i don't shoot heroin anymore but i'm still an emotional basketcase. paints and pens are the tools i use to balance myself out.","[""i\'m still an emotional basketcase.""]"
stig_0139,reddit,ddlg,2018,depression,batch4,no,,,,,,,,easy,,
stig_0140,reddit,borderline,2019,bpd,batch2,no,,,,,,,,easy,,
stig_0141,now,,2025,depression,batch4,no,,,,,,,,easy,"Hair loss is deeply tied to self-esteem, confidence and social perception. Studies show that or lupus face significantly higher rates of anxiety and depression. The stigma around hair loss leads to 85% of alopecia areata patients experiencing social exclusion or emotional distress. The psychological burden is even greater for African-American women, for whom hair is a key part of cultural identity. Cranial prostheses provide a non-invasive and low-cost intervention to restore confidence and improve mental health outcomes. Research indicates that patients who wear wigs or prostheses report higher self-esteem, social confidence and emotional well-being. Expanding insurance coverage for these prostheses is not just a cosmetic issue — it is a mental health necessity. Opponents of insurance mandates often cite concerns about rising health care expenses. However, the financial impact of providing coverage for cranial prostheses is minimal when compared with other covered medical expenses. For instance, California's A.B. 2668 mandates $750 annual coverage for cranial prostheses per patient. To put this into perspective, a single hospital stay in Maryland costs $10,500 on average, significantly more than the cost of covering cranial prostheses for multiple patients. recognizing their importance for body image and mental health. Cranial prostheses serve a similar purpose and should receive equal consideration. Preventing the psychological distress and social withdrawal caused by untreated hair loss can reduce long-term health care costs, including mental health treatment and lost productivity. While Maryland currently mandates coverage for cranial prostheses for cancer-related hair loss, it must take the next step by extending coverage to all medical hair loss conditions. Only four states — Delaware, Minnesota, Missouri and New Hampshire — have enacted such legislation. Maryland should join them in ensuring equitable access to cranial prostheses. This legislative change would reduce financial hardship for patients, improve mental health outcomes and acknowledge that medical hair loss is not a cosmetic issue but a serious health concern.",
stig_0142,now,,2021,schizophrenia,batch3,yes,expressed/enacted,public,cognitive,,incompetence,,,moderate,"how schizophrenic it is to be a conservative today. all our instincts say to rally behind the country, and to support the military. but look what the military and civilian leadership for the last twenty years has done with that trust! it's infuriating. i'm going to post something separate about this tanner greer essay a reader pointed me to, but i want to quote one part of it in this context. culture wars are fought for the hearts of the unborn.future generations will be open to values the current generation rejects outright.","[""how schizophrenic it is to be a conservative today. all our instincts say to rally behind the country, and to support the military. but look what the military and civilian leadership for the last twenty years has done with that trust!'""]"
stig_0143,reddit,cripplingalcoholism,2013,alcoholism,batch3,no,,,,,,,,easy,,
stig_0144,now,,2025,autism,batch4,no,,,,,,,,moderate,"Republican Sen. Bill Cassidy of Louisiana asked Kennedy about his debunked claims that measles and hepatitis B shots cause autism, but Kennedy refused to budge, saying only that "" if you show me data, I will be the first person to assure the American people they should take these vaccines."" "" That is a very troubling response because the studies are there,"" snapped independent Sen. Bernie Sanders of Vermont."" Your job was to have looked at those studies as an applicant for this job."" Kennedy continued to cast doubt on mRNA vaccines as well. (He previously called the mRNA shots for COVID-19 "" the deadliest vaccines ever made "" — which is false — and petitioned the Food and Drug Administration to revoke their authorization.) When Kennedy conceded that he would distribute the federal stockpile "" dangerous "" — Democratic Sen. Andy Kim of New Jersey asked if mRNA shots would qualify."" I need to look at all the data,"" Kennedy replied.",
stig_0145,now,,2024,adhd,batch2,no,,,,,,,,moderate,"Promising review: sleek design. TikTok made me buy this! It's a perfect design to not have as much clutter in your drawer. Great for ADHD people to see exactly what silverware is in which slot with the tiny pictures indicating a knife a spoon a fork!"" — Haley Lutz 7. A "" Bread Buddy "" dispenser that keeps sandwich bread fresh by ensuring it stays *way* more airtight than it does in just the bag alone, and also lets you use the bread bag in a clever way to dispense slices one by one. Tons of reviewers are noting how much longer their bread stays fresh (and how much easier it is to store without worrying about it getting smushed!). Buddeez is a family-owned, Missouri-based small business that specializes in unique household products. Promising review:"" The Buddeez Sandwich Bread Dispenser is great! It does exactly what it was intended for. I live alone and I don't quite go through bread often enough before the last quarter section of the for something to put a loaf of bread in as a shell for my vacuum sealer, that would keep the bread from getting crushed from the pressure. This dispenser solved all of my problems. Thank you!"" — DRMcQuaig 8. A weekly pill organizer designed with push-through silicone lids to easily organize your pills at the beginning of the week, meaning you don't have to spend a bunch of time rooting through pill boxes and trying to remember the timing of them each morning.",
stig_0146,reddit,u_suncatcher-,2022,alcoholism,batch3,no,,,,,,,,hard,,
stig_0147,now,,2015,adhd,batch4,no,,,,,,,,moderate,"Of course, it's not all cut-and-dried: The sources of racial disparities in treatment, for instance, do not lie exclusively within these larger systems. Black families have been shown to be "" skeptical of medical and mental-health research, particularly contested and controversial issues like ADHD,"" and are therefore less likely to seek out treatment, while predominantly Latino schools see less medicalized and criminalized discipline, all things being equal."" Some of the research,"" Ramey says,"" suggests that Hispanics and Hispanic families in Hispanic schools — in particular first-generation immigrants — tend to avoid social control institutions altogether, be it the criminal justice system, the mental-health system, barriers, immigration status, and other concerns. More research is definitely needed in this area, both because of limitations in this analysis (it does not look at the treatment of a black individual compared to a white one for the same behavior at the same school, for example) and the gravity of the issue. There is clearly a discrepancy in how schools respond to bad behavior based on the racial and socioeconomic makeup of their student bodies, but there are still plenty of unanswered questions about the details.",
stig_0148,now,,2012,alcoholism,batch1,no,,,,,,,,moderate,"Yet the show, despite its familiar conceit, stood out among its workplace-sitcom competitors, and lived on, earning a devoted group of followers in syndication on Comedy Central. (It is now available for streaming on Netflix.) It was full of strong performances, from the three leads to the supporting players, like Joshua Malina, as a young producer named Jeremy, and Robert Guillaume, as Isaac, the executive in charge of the show. And "" Sports Night "" seemed interested, at least superficially, in exploring high-minded themes — alcoholism, the ethics of hunting, the fairness of American drug laws — without the usual saccharine sitcom resolutions. Its most obvious defining feature, though, was the way its characters talked — and, it introduced a relatively wide audience to what we might now safely call the Sorkin Sound: lightning-quick, repetitive, emotionally supercharged, culturally allusive banter that tornadoes into a spiral of stagey one-upmanship. Watch this scene (one of hundreds of possible examples) in which two characters contemplate their romantic futures: In addition,"" Sports Night "" introduced what would become Sorkin's two other trademark patterns of dialogue: the Sorkin Speech and the Sorkin Soliloquy. In the former, a smart, witty character deploys cutting rhetoric and esoteric facts to demonstrate his total mastery of lesser foils, as a character played by William H. Macy does here, to a bunch of studio hacks:",
stig_0149,reddit,relationship_advice,2022,depression,batch4,no,,,,,,,,easy,,
stig_0150,now,,2011,adhd,batch1,no,,,,,,,,moderate,"Rowan references a study that indicates technology overuse is not only changing brain chemistry, but also increasing the likelihood of children developing mental illnesses. Human connection, eye contact and dialogue are paramount. Devices are hugely limiting this important exposure, Rowan says. As a result, therapists and clinicians are seeing an increase in attachment disorders, and ADHD — all of which have been linked to technology overuse."" I've been working with kids for 25 years. I've never seen this,"" she concludes."" This is something that's epic. And we're really just witnessing the tip of an iceberg."" Although the debate rages on, Rosen and Rowan do agree on some things. Both referenced recent data indicating that extended use of social networks like Facebook can result in a decrease in empathy among teens, and thus an increase in narcissism."" Overuse of Facebook by teens can potentially lead to a problem psychologically,"" says Rosen. It's what he refers to as an iDisorder, a term he will discuss in his upcoming book about how to avoid tech-related psychiatric symptoms. However, it's not the platform's fault, he says."" It's the way we relate to the platform. It makes it easy to be narcissistic. You can type anything and not see a person's face neither believes that a complete unplug is necessary — or even safe. In fact, Rowan cites tragic consequences of cutting one's child off of technology completely — for example, the Ohio teen who killed his mother after his parents took away his Halo 3 video game. What Can Parents Do? 1. Get the TV out of the children's bedrooms: Kaiser studies estimate that 30% of children age 0-3 and 71% of children age 8-18 have a television in their bedroom. Both Rosen and Rowan advise removing brain-drain technology from private spaces. That way, parents can both monitor the type of content kids are absorbing and limit their usage appropriately.",
stig_0151,now,,2011,alcoholism,batch1,yes,expressed/enacted,public,affective,disgust,,,,easy,"Religion and Alcoholism A major celebrity appears to be destroying himself with alcohol before the eyes of a nation, and his antics become comic fodder, fueling an endless thirst for celebrity voyeurism. What is obscured among the ridicule being heaped upon Charlie Sheen is our own discomfort in confronting alcohol addiction.","[""A major celebrity appears to be destroying himself with alcohol before the eyes of a nation, and his antics become comic fodder, fueling an endless thirst for celebrity voyeurism. What is obscured among the ridicule being heaped upon Charlie Sheen is our own discomfort in confronting alcohol addiction.""]"
stig_0152,reddit,spirituality,2021,adhd,batch4,no,,,,,,,,moderate,,
stig_0153,reddit,raisedbynarcissists,2020,schizophrenia,batch3,no,,,,,,,,easy,,
stig_0154,reddit,depression_help,2022,autism,batch3,yes,perceived/experienced,public,behavioural,,,bullying/mocking,,hard,,
stig_0155,reddit,fountainpens,2022,autism,batch2,no,,,,,,,,easy,,
stig_0156,reddit,parenting,2020,adhd,batch3,no,,,,,,,,easy,,
stig_0157,now,,2020,bpd,batch3,yes,expressed/enacted; perceived/experienced,self,,,,,,moderate,"davidson blurs the line between his personal and professional lives to a sometimes uncomfortable degree — joking onstage and on snl about his late father, borderline personality disorder diagnosis, suicidal tendencies, and broken engagement with ariana grande. davidson's netflix special alive from new york, which premiered this february, was so self-lacerating that the new york times titled its review,"" pete davidson's new special seems like it could use a hug."" maybe mulaney is that hug in human form. when davidson got to talking about the difference between said that he thinks scott is about 70% more of an asshole than davidson is in real life."" me kind of being a psycho is known knowledge,"" he explained."" but i dunno — maybe i'm an asshole too."" "" no, your character is more of an asshole than i've ever seen you be. and you're not a psychopath. that's not your diagnosis,"" mulaney said, taking a beat."" you just have major problems.","[""me kind of being a psycho is known knowledge""]"
stig_0158,now,,2022,adhd,batch4,no,,,,,,,,easy,"In the face of that news, Walmart stopped filling prescriptions for controlled substances through telehealth. That policy didn't differentiate between the various types of controlled substances, which are used for very different types of health conditions. (ADHD, Any blanket approach that groups every controlled substance together doesn't account for the different types of care patients receive, Aronowitz says. "" I think the most important thing is — is there a real treatment relationship?"" The focus for these types of decisions should be on the quality of the care, not the way the care is delivered."" I think the most important thing is — is there a real treatment relationship?"" says Aaron Neinstein, the vice president for digital health at the University of California, San Francisco Health."" Does the doctor know who the patient is and understand enough the healthcare context to make a safe choice around the prescription?",
stig_0159,reddit,shittyaskreddit,2022,adhd,batch4,no,,,,,,,,easy,,
stig_0160,reddit,adhd,2021,adhd,batch2,no,,,,,,,,easy,,
stig_0161,now,,2022,adhd,batch3,yes,expressed/enacted,public,cognitive,,trivialisation or minimisation,,,hard,"i didn't see last night's episode yet. and last monday, we were in the hospital watching it amid son dawson's birth, so i was kind of in and out,"" ashley iaconetti exclusively told us weekly on wednesday, february 9, during a joint interview with husband jared haibon while promoting their partnership with virgin atlantic's "" tickets to love "" giveaway."" i don't know if shanae's the biggest villain of all-time, but the fact that she kept calling out elizabeth on the adhd thing was something that, like, we haven't really seen, like, somebody belittling somebody for their brain and for a syndrome that they have is crazy."" the real estate advisor, for her part, later revealed to ankney that she had adhd, which could have explained why she did not hear her name being called. "" it's really hard for me to have multiple auditory inputs because i can't process the information,"" elizabeth explained in the january 31 episode."" i have adhd. kid. like, i was probably just really trying to concentrate on what ency abedin was trying to say to me, and maybe you had said something in the middle of her saying something and i just, i ca n't, like, hear it.","[""somebody belittling somebody for their brain and for a syndrome that they have is crazy.""]"
stig_0162,reddit,india,2022,bpd,batch4,no,,,,,,,,moderate,,
stig_0163,reddit,relationship_advice,2020,depression,batch4,no,,,,,,,,easy,,
stig_0164,reddit,trees,2013,schizophrenia,batch2,no,,,,,,,,easy,,
stig_0165,reddit,sarmssourcetalk,2020,adhd,batch2,no,,,,,,,,easy,,
stig_0166,now,,2022,schizophrenia,batch4,no,,,,,,,,hard,"This gives you the picture of an almost-schizophrenic company with fundamental issues in getting or holding its earnings stable. And such a picture would indeed be an accurate one. Fundamentally the company is no higher than BBB-, which is low for what the company is, and certainties and forecast accuracy are historically on the lower side. Analysts fail to forecast this company accurately around 77% of the time even on a 2-year basis with a 20% margin of error. Those are some truly abysmal track records - as you'd have better luck flipping a coin than following these analysts. However, we've reached a pivot where I think it may be time to take Ericsson more seriously. Despite an increased stability in EPS, the company has traded down significantly since early this year, now seeing P/E levels below 11x for the ticker ERIC. can see that the company may have an upside of around 29% per year, or 80% in 3 years, based on a 2024E 15x P/E. Based on the forecasts calling for improved margins and better earnings, this does not seem outside the realm of possibility at all. Peer comparisons are extremely difficult. There are really only two we can use, given that Huawei has no public listing. That's ZTE and Nokia, and I would tend to regard ZTE with a bit of conservativism given the history of China and accounting. Consensus comes to a P/E of around 14.9X on average, with an EV/EBITDA of 8.5X, a 2.3X book value multiple and a low 1.75% average yields, owing to Nokia and ZTE's low yield. Again, it's only two peers.",
stig_0167,now,,2023,alcoholism,batch3,no,,,,,,,,moderate,"after a recess, ervin ruled that oliver would his history of alcohol abuse presented "" one of the biggest factors for me weighing in favor of detention."" "" given his strongly stated efforts and desire to have sex with small children and his alcohol problem,"" ervin said,"" i don't think the conditions i have at my disposal will reasonably assure the safety of the community."" print headline: scott county man to stay in custody on child porn charge",
stig_0168,now,,2015,schizophrenia,batch3,no,,,,,,,,easy,"all of these details, pulled from records provided by the murfreesboro police department, illustrate vincente montano's history of mental illness. the reports include his mother's assertion that he was a paranoid schizophrenic, a diagnosis she told police he received in 2006 from a murfreesboro, tenn., doctor. on wednesday, police say, 29-year-old montano went into a theater in antioch. he was armed with a hatchet and an airsoft-style gun and he carried two backpacks. authorities said he attacked three people during a screening of mad max: fury road before being killed by officers he confronted outside. police have confirmed he was homeless. it will never be clear whether mental illness influenced montano's decision to go into the carmike hickory 8 cinema.",
stig_0169,reddit,bpdlovedones,2019,bpd,batch4,no,,,,,,,,moderate,,
stig_0170,now,,2018,bpd,batch2,no,,,,,,,,easy,"Jochen S told the court he had a borderline personality disorder. He also said he was addicted to painkillers and alcohol. The court in Ravensburg heard from medical expert Hermann Assfalg who assessed the defendant and ruled out any mental disturbances. Assfalg explained in the week leading up too the attack Jochen S was coldly calculating in regard to what he was doing. Nothing was done on impulse and nothing was left to chance. In Assfalg's opinion, Jochen S displayed none of the characteristics of someone with a borderline personality disorder.",
stig_0171,reddit,depression,2018,depression,batch2,no,,,,,,,,moderate,,
stig_0172,now,,2022,schizophrenia,batch4,no,,,,,,,,easy,"The findings bolster the case that extreme heat related to climate changetakes a toll not just on the body, but also the spirit and mind. While this might be of particular concern for vulnerable populations with limited access to cool shelter, like farm workers or the unhoused, the association holds true for people who have access to private insurance and Medicare, according to the JAMA Psychiatry study. Using data collected over a 10-year period from more than 2 million patients, the researchers found that days with extreme heat were associated with increased emergency department visits for mental health conditions like substance misuse, anxiety, schizophrenia, and self-harm. That span of time represents several of the warmest years on record in the United States. Humans want to be resilient in the face of adversity, so they crack jokes about heat exhaustion or jerry-rig a swamp cooler in their bedroom. They might wave away mounting anxiety as overreaction or pour another glass of wine to dull the edge of making it through another triple-digit day without air conditioning. But this study and the others that thinks extreme heat is bearable with the right attitude. Coping skills are always valuable, but what we ultimately need are more adaptive and resilient systems that help shield everyone from the physical, emotional, and psychological toll of extreme heat. While the study's authors couldn't conclude how extreme temperatures worsen mental health, they suggest sensible explanations: disrupted sleep, daytime discomfort or irritation, and an "" increase in hopelessness, maladaptive anxiety, and stress attributable to the anticipation of climate change and associated extreme events."" Anyone who's waited for their home to cool off without the assistance of air conditioning during an extended heat wave knows the desperation can lead to anxious questioning about the future: How will my children survive a warming planet? Should I even have children if this is the world they'll inherit?",
stig_0173,reddit,moneydiariesactive,2021,depression,batch3,no,,,,,,,,easy,,
stig_0174,reddit,adhd,2022,adhd,batch2,no,,,,,,,,easy,,
stig_0175,now,,2019,schizophrenia,batch2,no,,,,,,,,easy,"Conceptronica isn't a genre as such, but more like a mode of artistic operation — and audience reception — that cuts across the landscape of hip music, from high-definition digital abstraction to styles like vaporwave and hauntology. Concept-driven projects offer a way for artists to compete in an attention economy that is over-supplied while reflecting their enthusiasm for a vast array of ideas. Most of the leading conceptronica artists have been through art school or postgraduate academia, and they're comfortable speckling both their work and their conversation with references to critical theory and everyone from the black studies and performance scholar Fred Moten to the' 90s cyber theory collective CCRU. Hyperdub producer Lee Gamble likewise enthuses to me about the inspiration sparked by listening to an unofficial audiobook of Gilles Deleuze and Felix Guattari's A Thousand Plateaus, a deliriously dense philosophical work about capitalism, desire, and schizophrenia. This high-powered discourse contrasts with the relatively down-to-earth vernacular of' 90s IDM luminaries like Aphex Twin's Richard D. James and Luke Vibert, whose records were more likely to be daubed with puerile humour and porn references than concepts from poststructuralism. Another major difference between conceptronica and old-school IDM is that the latter could be used as a relaxing background shimmer, a spur to unthinking reverie rather than intellectual musing. Fluent in the critical lingua franca used in art institutions and academia worldwide, conceptronic artists know how to self-curate: They can present projects in terms that translate smoothly into proposals and funding applications. Which is handy, because what sustains these artists is not revenue from record releases but, along with subsidized concerts at museums and universities. Often trained in the visual arts rather than music theory, conceptronica artists increasingly resemble a figure like Matthew Barney, whose work involves multiple media and is staged on a grand scale, more than IDM pioneers like Autechre, whose focus has always been overwhelmingly on sonic experimentation.",
stig_0176,reddit,helicopterparents,2020,depression,batch4,no,,,,,,,,moderate,,
stig_0177,now,,2012,depression,batch4,no,,,,,,,,easy,"Their own illness can impede claimants' ability to meet requirements during the disability application process such as depression, anxiety, post-traumatic stress disorder, bipolar, and other mental illnesses can be more difficult to prove in part because the symptoms vary so much from person to person. When mental illness SSDI claims are awarded, it's because the claimant has a strong support network, a solid case supported by their doctors and extensive medical documentation, and a healthy dose of perseverance. When it's possible, work with your doctors and other care providers to make sure you have comprehensive documentation of your medical history, evaluations, treatments, etc. These records will be important in the application process, and can be supplemented with notes and a journal documenting the effect your condition has on your daily activities. Consider enlisting the help of family, friends or a professional representative if your condition makes it difficult to focus on this task.",
stig_0178,reddit,schizophrenia,2019,schizophrenia,batch4,no,,,,,,,,easy,,
stig_0179,reddit,virtualbox,2021,adhd,batch4,no,,,,,,,,moderate,,
stig_0180,now,,2013,schizophrenia,batch1,no,,,,,,,,moderate,"The curtain opens on a ranch in Browning, Montana, where Jimmy Picard (Benicio Del Toro) family. He has returned from the war in France with debilitating headaches and bouts of blindness and hearing loss. As a veteran, he is taken for treatment to a progressive new medical facility in Topeka, Kansas, but after ruling out physical causes, the doctors uneasily diagnose him as a schizophrenic. Enter Georges Devereau (Mathieu Amalric), a bright-eyed little anthropologist called in by the enlightened medical staff to assess whether they just don't understand Picard's Indian psyche and behavior. Though the best fictional analysts have generally been women — Ingrid Bergman in Spellbound, Lorraine Bracco's Dr. Melfi in The Sopranos — they have to move over to make room for Mathieu Amalric's manic portrait of Devereau, who is shown as an ideal combination of anthropologist and psychoanalyst. Having lived among the Mohave Indians and learned their language and history, he is enthusiastic and curious about the customs of Jimmy's tribe. Also, he's the analyst everyone dreams of — penetrating, sympathetic, every word a direct hit transference takes a back seat to pure intellectual detective work as he sets up a relaxed dialogue with his patient. Jimmy proves to be remarkably bright and soon picks up the method of free association to dig back into past psychic traumas. Perhaps because there's an actual case study behind the screenplay, adapted from Devereau's book Reality and Dream by Desplechin, Julie Peyr and Kent Jones, it goes off in unexpected directions as Jimmy's sharp mind ranges over his past. Happily, breaking another tedious film clich?, he doesn't resist his doctor in the least and analysis rolls on briskly. Yes, there's a traumatic Oedipal moment when little Jimmy sees his recently widowed mother in bed with another man, and on another occasion he gets a thrashing after being caught playing in the hay with a little girl. Then there's the war and the accident in which he suffered a severe head injury. But ultimately, his greatest trauma involves his own mistreatment of his mistress and the daughter she a whole other level opens up of repressed anger over the prejudice and discrimination he is subject to as a Native American — another source of his blinding headaches.",
stig_0181,reddit,borderlinepdisorder,2022,bpd,batch3,no,,,,,,,,easy,,
stig_0182,now,,2021,schizophrenia,batch2,yes,expressed/enacted,public,cognitive,,dangerousness,,stereotype language,moderate,"Franklin, a paranoid schizophrenic, was in his mid-20s in 1977 when he began drifting across America, robbing up to 16 banks to fund his travels. By then he had changed his name to Joseph Paul Franklin after Adolf Hitler's minister of propaganda Joseph Paul Goebbels and Benjamin Franklin. John Douglas served as the inspiration for Netflix's' Mindhunter.' (Netflix) In 1977, he bombed a synagogue in Chattanooga, Tenn. No one was hurt, but the killings soon began. That same year, he picked out a synagogue from the Yellow Pages in St. Louis and fired five shots at the parking lot after a bar mitzvah. One struck and killed Gordon, a 42-year-old father of three.","[""Franklin, a paranoid schizophrenic, was in his mid-20s in 1977 when he began drifting across America, robbing up to 16 banks to fund his travels.""]"
stig_0183,reddit,atheism,2019,schizophrenia,batch2,no,,,,,,,,moderate,,
stig_0184,now,,2011,adhd,batch4,no,,,,,,,,easy,"If you fly off the handle in a fit of anger or frustration one moment but are completely over it in the next, it might be a sign of ADHD. Because this type of irritability can also be a symptom of bipolar disorder, some people with ADHD can be misdiagnosed, says Dr. Wetzel. (However, you can also have both.) It's important to get a thorough evaluation and diagnosis. Men who think they should defend their reputation at all costs often resort to violent confrontations or take needless risks, which can lead to injury or death. Think of the man who feels he must not tolerate being cut off on the highway, or who won't back down when someone breaks in line. "" Our study shows that homicide rates are a lot higher in honor states,"" Dr. Ryan Brown, assistant professor of social/personality psychology at the University of Oklahoma, told CBS News."" And it's not just killing other rates.",
stig_0185,reddit,legaladvice,2021,schizophrenia,batch3,yes,perceived/experienced,public,cognitive,,incompetence,,,easy,,
stig_0186,reddit,trees,2017,adhd,batch2,no,,,,,,,,easy,,
stig_0187,reddit,autism,2019,autism,batch2,no,,,,,,,,easy,,
stig_0188,reddit,overeatersanonymous,2019,alcoholism,batch2,no,,,,,,,,moderate,,
stig_0189,now,,2021,bpd,batch4,no,,,,,,,,moderate,"But just because grooming behavior can be sometimes difficult to identify does not negate that grooming is, by definition, done with the ultimate goal of committing's so ambiguous and difficult to grapple with: while there is certainly ample evidence she crossed many boundaries with her young adoring fans, there is no evidence that she did so with the intent of abusing them. But of course, intent isn't everything, and regardless of Ripley's motives for befriending her young fans, their accounts to the Daily Beast indicate that she did real harm to them by doing so."" It definitely has messed with me,"" one fan of Ripley's, who struggles with borderline personality disorder, said of their relationship."" I used to cry about how she quit talking to me and how I thought I was special to her."" Another fan who struggled with mental health issues says Ripley had offered to drop her off at a mental hospital, only for Ripley to not show up and to send her a text abruptly terminating the relationship."" It was a very abrupt and frankly traumatic fracture in the relationship,"" she said. The whole point of ambiguity, the ineffable in-between space between what is OK and what is not. There is certainly a risk, says Swiecicki, of misuse of the term "" grooming "" on social media trivializing what is a widespread and serious issue; and the fact that it is used incorrectly so often — or, in many cases, weaponized against marginalized populations — demonstrates just how tenuous our understanding of the mechanisms of sexual abuse actually are. But this ambiguity is not just a result of a lack of education of what does and doesn't constitute appropriate conduct; it is also a byproduct of predators who have used the complexities of online social interaction to their advantage. After all, the<whole point of grooming behaviors is that they exist in the realm of ambiguity, the ineffable in-between space between what is OK and what is not. And those who are hurt the most are the young people left with the vague sense that some line has been crossed, that something inappropriate has happened, and that being treated adult is not an actual reflection of your sophistication or maturity, but a reflection of a lack thereof on the adult's part.",
stig_0190,now,,2023,schizophrenia,batch2,no,,,,,,,,moderate,"The jury rejected defense claims that Bowers has schizophrenia and that his delusions about Jewish with an AR-15 rifle and other weapons, also shot and wounded seven, including five responding police officers. He was convicted in June of 63 federal counts, including hate crimes resulting in death and obstruction of the free exercise of religion resulting in death. "" I have nothing specific that I care to say to Mr. Bowers,"" Judge Robert Colville said, before issuing the formal sentence."" I am however convinced there is nothing I could say to him that might be meaningful.",
stig_0191,now,,2022,schizophrenia,batch3,yes,expressed/enacted,public,cognitive,,incompetence,,metaphor,moderate,"still, like many of his ilk, putin's message can be what the atlantic council's lukas andriukaitis described to me as "" schizophrenic."" he alternately rails against progressive thought, while leaving pragmatic room for russian elites who embrace the decadent wst to still be accepted — as long as they remain unquestionably loyal. in his recent tirade against the russian "" scum "" and "" traitors "" who do not support his war, putin said he was not there to judge his countrymen who "" can not live without foie gras and mussels long as they are "" mentally "" with mother russia.","[""putin's message can be what the atlantic council's lukas andriukaitis described to me as \""schizophrenic.\"" he alternately rails against progressive thought, while leaving pragmatic room for russian elites who embrace the decadent wst to still be accepted — as long as they remain unquestionably loyal."""
stig_0192,reddit,unpopularopinion,2020,alcoholism,batch4,yes,expressed/enacted,structural,,,,,,easy,,
stig_0193,reddit,confessions,2013,depression,batch4,no,,,,,,,,easy,,
stig_0194,now,,2013,adhd,batch3,yes,expressed/enacted,public,cognitive,,dangerousness; immutability,,,hard,"he's that's what adhd is,"" said carroll gardens dad george mazzella about his son vincent. mazzella's child had been suspended multiple times totalling 31 days for throwing a piece of cinderblock near students and hitting a teacher in the arm with a plastic band. mazzella said his son has had five different paras who have all left the school. now, the dad is sitting with the boy in class.","[""he's that's what adhd is,"" said carroll gardens dad george mazzella about his son vincent."", ""mazzella's child had been suspended multiple times totalling 31 days for throwing a piece of cinderblock near students and hitting a teacher in the arm with a plastic band.""]"
stig_0195,now,,2021,adhd,batch3,yes,perceived/experienced,self; structural,,,,,,easy,"do you feel guilt and shame around your clutter since forever? why can't you part with your clutter and get organised "" like everyone else?"" i have adhd. the intense pressure of being expected to excel, and constantly expecting to fail; the crippling shame, and intense guilt and anxiety; feeling frazzled, and being clueless how to explain why my adhd brain won't focus to those who need to know is totally draining. adhd in women is largely unknown in the uk, misdiagnosed and largely goes untreated. i live daily with the extreme behaviours that are part of the adhd child makeup. i live daily with the acute worry and anxiety over my adhd children's future. i live daily with the mistreatment of my adhd children through those in authority who pay lip service to the neurodiverse accommodations in our schools and further education settings... i witness daily the damage that this causes to my children and to myself. in this podcast series you will learn tools how to live your life in focus with your adhd. any questions? email faigy@focuswithfaigy.com","['the crippling shame, and intense guilt and anxiety', 'i live daily with the mistreatment of my adhd children through those in authority who pay lip service to the neurodiverse accommodations in our schools and further education settings']"
stig_0196,reddit,bpdrecovery,2020,bpd,batch2,yes,expressed/enacted; perceived/experienced,self,,,,,stereotype language,moderate,,
stig_0197,now,,2022,depression,batch4,no,,,,,,,,easy,"DEAR ABBY: My son "" Alex "" and his girlfriend,"" Dee,"" lived together for eight years. We were all very close and did lots of family things broke up with Dee two years ago, although they continued talking for some time afterward. We all hoped they would make up. He was under a lot of stress at the time and suffers from depression and anxiety. He was sorry a month after the breakup, but Dee did not want to get back together. We have stayed in touch. She still skates with my daughter-in-law, and we met for brunch recently. Dee mentioned she met someone on an online dating site six months ago and it could get serious. This man knows she feels it's time for marriage and a family. He is eight years older than she is, never married and has no kids. They are not living together. Dee has met his family. Should I let my son know? I feel Alex needs to move on, and he really hasn't. I think he still hopes they will be together. — PROTECTIVE MOM IN CALIFORNIA",
stig_0198,reddit,nosleep,2015,schizophrenia,batch2,yes,expressed/enacted; perceived/experienced,public; self,cognitive,,uncontrollable,,direct pejoratives,moderate,,
stig_0199,reddit,teenagers,2021,adhd,batch4,no,,,,,,,,easy,,
stig_0200,now,,2024,depression,batch2,no,,,,,,,,easy,"Resilience is also something that you develop over time. In one longitudinal study, factors that were protective for adolescents at risk of depression, such as family cohesion, positive self-appraisals, and good interpersonal relations, also led to more resilience in young adulthood. According to resilience theory, other factors that help build resilience include: Social Support Research shows that your supportive social systems, which can include immediate or extended family, community, friends, and organizations, foster your resilience in times of crisis or trauma.",
stig_0201,now,,2015,schizophrenia,batch3,no,,,,,,,,moderate,"many of the mentally ill detainees suffer from severe illnesses and their crimes are often minor, according to the aclu. the case's lead plaintiff, a schizophrenic identified as j.h., spent 340 days in jail on charges of stealing three peppermint patties, a type of candy. "" these are in some ways the most vulnerable people in society,"" said david gersch, an attorney with arnold and porter llp, a law firm working with aclu of pennsylvania on the case. such delays "" would never happen, except. it's been going on for years.",
stig_0202,reddit,kotakuinaction,2014,autism,batch3,yes,expressed/enacted,public,behavioural; cognitive,,pity/condescension,bullying/mocking,,easy,,
stig_0203,now,,2023,bpd,batch3,no,,,,,,,,easy,"intense expressions of anger towards others is a core symptom of borderline personality disorder (bpd). lashing out is often the result of frustration or fear, which these individuals struggle to cope with because of the accentuation of these emotions associated with the disorder. these expressions generally take the form of hurtful comments, a lack of cooperation, or undermining other's efforts. when individuals with symptoms of bpd feel threatened by others, they may lash out by assassinating the character of those they feel threatened by. character assassination involves repeated demeaning, and in many cases of others whenever possible.",
stig_0204,now,,2024,bpd,batch3,no,,,,,,,,moderate,"the descriptor attention seeking is inherently negative in connotation and is often ascribed to women struggling with borderline personality disorder, or bpd, a complex and difficult disorder to live with and to treat (and one that is more rare than most people think, including clinicians). in fact, non-suicidal self-injury (nssi) is only one of a list of diagnostic criteria for bpd, criteria that include issues with identity, relationships, and fears of abandonment.2 so, what's the connection between nssi and being labeled as attention seeking, and what effect can this have on the mental health of girls and women? nssi is defined as the deliberate destruction of one's own bodily tissue without lethal intent and for reasons that are not socially accepted, such as via cutting, burning, or for an outlet for their pain, and are typically struggling to access supportive people or resources that might help. when they do ask for help with these behaviors, they are often labeled as attention seeking or given the negative and reductive label of "" borderline "" by healthcare professionals in treatment team meetings. though there may be some clinical utility to the term attention seeking, as in, we need to understand that people demonstrating these behaviors are seeking something from the people around them, it too often gets used in a dismissive way, even by trained practitioners. we often say this about women when they are expressing big emotions — ones we don't want to deal with.",
stig_0205,reddit,relationships,2021,depression,batch2,no,,,,,,,,easy,,
stig_0206,reddit,waiting_to_try,2019,autism,batch4,no,,,,,,,,easy,,
stig_0207,now,,2019,autism,batch2,no,,,,,,,,easy,"Actions Groundbreaking held for autism support center in Cape Coral The center will provide brand new clinical services to children and teens on the autism spectrum. It will also be a support location for families with additional resources. CAPE CORAL, Fla. — Cape Coral will be the site of the new Family Initiative Autism Support Center early next year.",
stig_0208,now,,2021,adhd,batch2,no,,,,,,,,easy,"Gazzaley has built video games to beef up attention spans. His company, Akili Interactive, released the first FDA-approved prescription video game for children with ADHD that improves the quality of their attention both in and out of the game. Unlike my multitasking of answering questions on Slack while in meetings, do more brain-taxing tasks while ignoring distractions. The player is an alien on a hoverboard zooming down a river. They have increasingly challenging jobs to do and speed to manage, as they ignore distractions — you have to collect some colorful fish but ignore others, for example. Gazzaley believes these kinds of games can one day help everyone, not just children with ADHD. They won't make you better at multitasking, but they'll improve your focus outside the game as you choose to single task.",
stig_0209,now,,2020,autism,batch4,no,,,,,,,,easy,"Wakefield suggested that the measles, to autism. Wakefield lost his medical license for this misinformation, but he effectively launched the modern-day anti-vaccination movement — one that's been bolstered by celebrity claims in the years since. "" The media seized these stories, igniting public fear and confusion over the safety of vaccines, and, of course, social media only fueled the flames of misinformation,"" he said."" Wakefield's theory has been thoroughly debunked but remains one of the most notorious and damaging pieces of research in the history of medicine. There is no disputing the science that there's zero link between vaccines and autism."" It may be tempting to scoff at people who don't vaccinate their children, but Dr. Navya Mysore, the primary program director of reproductive and sexual health as well as a family physician at One Medical Group, says it's important to take a more nuanced approach.",
stig_0210,now,,2021,autism,batch3,no,,,,,,,,moderate,"you can also spot a shared nihilism between 4chan and wallstreetbets in their casual and ironic references to suicide. on wallstreetbets, longing "" $rope "" is an inside joke for suicide, one that is almost always posted under a a cartoonish version of autism both ironically and sincerely —"" autists "" is a term of pride on both sites — as a superpower of persistence that allows one to fully commit to a worldview leagues apart from the stifling conventional wisdom of the mainstream. for political extremists a so-called "" autist's "" powers can be a weapon to be deployed against enemies in destructive doxxing and harassment campaigns. at wallstreetbets, an "" autist's "" power is displayed by committing to a trade with "" diamond hands,"" holding on and refusing to sell even after incurring extreme losses or gains with the goal of attaining ultimate profit.",
stig_0211,now,,2024,bpd,batch4,no,,,,,,,,easy,"From early on in her adolescence, Bonnie struggled with mental health issues. Psychiatrists were hesitant to officially diagnose her due to how young she was, but bipolar disorder and borderline personality disorder were floated around at various points."" We were very frustrated with different therapists, psychologists. Nothing seemed to work with her or. Bonnie loved to sing and was briefly enrolled at a performing arts school, where she'd "" moved people to tears "" with her audition song of the national anthem, says Evie Conner, her friend and former classmate. But she was bullied at the school, and after getting into a physical altercation with an older female student, Bonnie's parents decided to pull her out and look for alternative options. Tony doesn't remember how, but somehow, he stumbled on the New School. A sprawling, ramshackle white clapboard Victorian in Newark, Delaware, with Kinex and Nerf guns piling up in the halls and an overgrown yard out front, the New School (which has no connection to the progressive university of the same name based in New York City) was a private institution with an extremely small student body — under 50 kids were enrolled at any given time, from five to 19, according to former students. It advocated for a totally revolutionary approach to education: no grades calling supervising adults simply "" staff members."" Kids filtered in and out of classrooms, with kids of all ages sitting in the same room and discussing Socratic theory, for example. There was even at one point a smokers' court for the older kids, a patio outside by the garage. The place was unorganized and unorthodox, and Bonnie fell in love with it instantly. Editor's picks",
stig_0212,reddit,transgenderuk,2021,depression,batch4,no,,,,,,,,easy,,
stig_0213,now,,2015,schizophrenia,batch4,no,,,,,,,,easy,"Furthermore, psychologists have known certain personality traits tend to be associated with certain birth months. A 2012 study published in the journal PLOS ONE found people born in January and February tend to be more creative and have a higher chance of being diagnosed with schizophrenia than other people born at any other time of the year. However, this connection is more likely due to the increased chance of risky pregnancies during the winter than being born under a certain star sign. For example, mothers are more likely to contract illnesses like the flu during winter months. This can complicate childbirth. The correlation between seasonality effects and personality should be taken with a grain of salt. Although the mechanism for this phenomena is unknown, factors such as maternal infection or even sunlight exposure are possible reasons for these patterns. The truth the fault is not in our stars.",
stig_0214,now,,2019,schizophrenia,batch4,no,,,,,,,,easy,"fMRI (functional Magnetic Resonance Imaging) detects local fluctuations in blood flow, which occur naturally. A key discovery in the 1990s found that fluctuations in different brain regions occur synchronously. The networks of synchronized regions have been shown repeatedly to encode who long term external effects on our brains (from our environment). fMRI analysis techniques are getting so powerful that the networks can be used like a fingerprint. fMRI networks may be even richer in information than PET — but also more problematic. The networks (sometimes called "" functional connectivity "" patterns) have been used to predict intelligence. They have been used to predict the emergence of schizophrenia or future illicit drug use by at-risk adolescents. Functional connectivity is being used to predict which adult drug abusers will complete a treatment program and who is likely to engage in antisocial behavior. Some predictions are already 80 to 90 percent accurate or better. Driven by AI and ever-faster computers, the predictive ability of the scans will improve. Most medical research using brain imaging is funded by the NIH (National Institutes of Health). At least one institute (the National Institute of Mental Health) requires that its grant recipients deposit all of their grant-funded brain scans into an NIH-maintained database. This and similar databases around the mine. Some uses of brain imaging would seem to have only upsides. They might provide certainty for patients and their families who desperately need help planning for their colliding futures. They could avoid unnecessary and costly treatments that are destined to fail. But other uses of brain imaging lie in an ethical gray area. They foretell behaviors and conditions that could be stigmatizing or harmful. They generate information that an individual may wish to keep private or at least manage. In the right circumstance, the information may even be of great interest to the police or the court system. As the New York Times recently reported, the police in New York City tricked a child into leaving his DNA on a soda can. I recognize that fMRI networks can not be captured surreptitiously by enticing a 12-year old to drink a soda. The police will not use fMRI fingerprints solely as identifiers. It would be too much trouble. But many questions arise. Could a court order someone to undergo fMRI or PET? consented to in the past as a research volunteer? Forensic genealogists tracked down the Golden State Killer without ever taking a sample of his DNA. They triangulated using DNA markers he shared with unacquainted third cousins who had uploaded their DNA sequences to a public database. Could a forensic brain imager identify you as unlikely to complete drug treatment and thus a bad candidate for diversion? What if we could predict your future behavior by similarities that your fMRI networks share with those of psychopaths who had been analyzed and whose data now resides in a database? Even now, it seems plausible that a qualified scientist working with police could download the data. If that didn't work, the police might get a warrant. Will the NIH relent and share their databases of images when the police come calling?",
stig_0215,now,,2010,autism,batch2,no,,,,,,,,easy,"It's also suspected that dysfunction of these mirror cells might be involved in disorders such as autism, where the clinical signs can include difficulties with verbal and nonverbal communication, imitation and having empathy for others,"" Mukamel said."" So gaining a better understanding of the mirror neuron system might help devise strategies for treatment of this disorder. Ekstrom, Jonas Kaplan and Marco Iacoboni, all of UCLA. The project was supported by the National Center for Research Resources, a component of the National Institutes of Health (NIH). The authors report no conflict of interest. The UCLA Department of Neurosurgery is committed to providing the finest and most comprehensive patient care through innovative clinical programs in minimally invasive brain and spinal surgery; neuroendoscopy; neuro-oncology for both adult and pediatric brain tumors; cerebrovascular surgery; stereotactic radiosurgery for brain and spinal disorders; surgery for movement disorders such as Parkinson's disease; and epilepsy surgery. For 20 consecutive years, the department has been ranked among the top 10 neurosurgery programs in the nation by U.S. News & World Report. The UCLA Department of Psychiatry and Bio  Sciences is the home within the David Geffen School of Medicine at UCLA for faculty who are experts in the origins and treatment of disorders of complex human behavior. The department is part of the Semel Institute for Neuroscience and Human Behavior at UCLA, a of complex human behavior and the causes and consequences of neuropsychiatric disorders.",
stig_0216,reddit,adhd,2020,adhd,batch3,yes,perceived/experienced,public,cognitive,,trivialisation or minimisation,,,hard,,
stig_0217,now,,2020,schizophrenia,batch3,yes,expressed/enacted,public,cognitive,,incompetence,,metaphor,moderate,"inslee said trump's comments were "" dangerous "" because they "" can inspire people to ignore things that actually can save their lives."" trump's promotion of the protesters was "" hobbling our national efforts to protect people from this terrible to us governors because this is such a schizophrenia, because the president basically is asking people: please ignore dr. fauci and dr. birx. please ignore my own guidelines that i set forth, because those guidelines made very clear, if you read them — and i don't know if the president did or not — but, if you read them, it made very clear that you can not open up michigan today or virginia,"" inslee said."" under those guidelines, you need to see a decline in the infections and fatalities. and that simply has not happened yet.","[""terrible to us governors because this is such a schizophrenia, because the president basically is asking people: please ignore dr. fauci and dr. birx. please ignore my own guidelines that i set forth""]"
stig_0218,reddit,borderlinepdisorder,2022,bpd,batch3,no,,,,,,,,hard,,
stig_0219,reddit,stopdrinking,2016,alcoholism,batch4,no,,,,,,,,easy,,
stig_0220,now,,2021,autism,batch4,no,,,,,,,,moderate,"Coloplast has signed an agreement to acquire Atos Medical, the global market leader in laryngectomy, for EUR 2,155 million (around DKK 16 billion) from PAI Partners Coloplast has signed an agreement to acquire Atos Medical, the global market leader in laryngectomy from PAI Partners, a global private equity firm headquartered in Paris. Atos Medical's purpose of making life easier for people living with a neck stoma is closely aligned with Coloplast A Cambodian activist wept in frustration Monday after learning her autistic teenage son, imprisoned for comments critical of the government he made on social media, would not be released as anticipated in a case that has drawn global attention. Prum Chantha told disappointed supporters who had gathered with her early in the day outside Prey Sar prison on the outskirts of Phnom Penh that authorities said her son's time served had been miscounted, and that he would instead be released Wednesday."" My son would have been feeling so excited when hearing he would be freed today and knowing that I was here with the others to welcome him, but now they're keeping him in jail for two more days,"" she said.",
stig_0221,reddit,relationship_advice,2017,schizophrenia,batch3,no,,,,,,,,easy,,
stig_0222,now,,2022,schizophrenia,batch2,no,,,,,,,,easy,"While in Israel she practiced as a clinical psychologist and taught psychology and psychoanalysis at the Midrasha Academy of Art (1997-2007). As a clinician, she worked at Shalvata Mental Health Center affiliated with the School of Medicine at Tel Aviv University (1992- 2008). Ophir was selected to give the Frieda Fromm-Reichmann Memorial Lecture at The Washington Center for Psychoanalysis (2011) and was a runner-up for the Tyson Award (IPA, 2013). She was a freelance journalist for Yedioth Achronot (1997-2007) and for TimeOut Tel-Aviv and contributed weekly columns to Yediot Achronot America (2010-2012). She is the author of On the Borderland of Madness (Hebrew, Resling, 2013); and Psychosis, Psychoanalysis, and Psychiatry in Postwar America (Routledge, 2015). Her new book, Schizophrenia: An Unfinished History, was published by Polity Press in 2022. Recently Diagnosed? Talk to Someone Magazine The question is not whether you'll change; you will. Research years, often for the better. But who we end up becoming and how much we like that person are more in our control than we tend to think they are.",
stig_0223,now,,2023,schizophrenia,batch3,no,,,,,,,,moderate,"james' attorney had asked for a sentence of 18 years, noting his client's age, physical health issues, and his mental illness, which detailed his diagnosis of paranoid schizophrenia. his attorney also said james reached out for help, but society had failed him. the judge wasn't having it, telling james that what he did "" can not be excused or explained away with mental illness."" james disguised himself as a construction worker and got on the subway. when the n train pulled into the station in sunset park, brooklyn, he set off smokes bombs and fired off a gun. in all, 10 people, ranging in age from 16 to 60, were shot.",
stig_0224,now,,2021,adhd,batch3,no,,,,,,,,moderate,"now his new forever family say that they are at a crossroad, as developmental disabilities, adhd and a host of other issues have turned a once loving child into an "" aggressive and mentally unstable child."" lack of resources in the west have only exacerbated the issue as the press delves into the the lack of mental health services in western north dakota in this first article of a three-part series called, breaking point. in a sit-down interview with tana disquieting and emotional outpourings her and her family's ongoing battle as the mental health field for this region is all but non-existent. for the past nine years, grayson's parents have been searching for answers to help their son. these range from speech and occupational therapies to spending a total of six weeks in a mental health unit. grayson has had service providers for a period of three years, but due to the extent of his behavioral disabilities, the johnsons couldn't maintain the needed staff.",
stig_0225,now,,2020,depression,batch4,no,,,,,,,,easy,"She was diagnosed with depression and, later, bipolar disorder, and she began seeing Bench, who prescribed antidepressants. After two years of ups and downs, in the spring of 2012 Eleanor had a full breakdown and began "" harbouring grandiose delusional beliefs "" , Bench wrote in a psychiatric report seen by BuzzFeed News. She went on manic shopping sprees she couldn't afford, accused her parents of trying to poison her, and claimed her landlord had sexually assaulted her. a month while doctors adjusted her medication. For a while after she was released, she seemed "" very much improved "" , Bench wrote. She took up Pilates and dance, and started socialising again. But at the appointment following her emergency call, Eleanor appeared "" tense and quite guarded with a degree of grandiosity "" , Bench later wrote. She "" acknowledged she was not well "" . Eventually, Eleanor told Bench that she had been "" sexually assaulted by someone she knew "" . A few days later, she went to the police and started talking.",
stig_0226,now,,2019,depression,batch2,no,,,,,,,,moderate,"This photo of Valerie Reyes was posted by New Yok City police from the Midtown North precinct. The missing person poster said "" Have you seen VALERIE REYES? 5' 3 "" , black hair, brown eyes, 1/2 sleeve tattoo on left arm. Last seen wearing a green coat, black jeans, and black shoes. Suffers from anxiety and depression."" This photo of Valerie Reyes was posted by New Yok City police from the Midtown North precinct. The missing person poster said "" Have you seen VALERIE REYES? 5' 3 "" , black hair, brown eyes, 1/2 sleeve tattoo on This photo of Valerie Reyes was posted by New Yok City police from the Midtown North precinct. The missing person poster said "" Have you seen VALERIE REYES? 5' 3 "" , black hair, brown eyes, 1/2 sleeve tattoo on left arm. Last seen wearing a green coat, black jeans.",
stig_0227,now,,2020,autism,batch2,no,,,,,,,,easy,"Please be polite. It's OK to disagree with someone's ideas, but personal attacks, insults, threats, hate speech, advocating violence and other violations can result in a ban. If you see comments in violation of our community guidelines, please report them. A bucket for Blake: Eaton Rapids team manager with autism suits up and scores Posted! A link has been posted to your Facebook feed. Eaton Rapids' team manager Blake Blanchard, center, is swarmed by teammates and fans after Blanchard made a basket following the Greyhounds game against Springport on Thursday, March 5, 2020, at Eaton Rapids High School. Blanchard, who and football teams as well. Nick King/Lansing State Journal",
stig_0228,reddit,unpopularopinion,2018,autism,batch3,yes,expressed/enacted,public,cognitive,,immutability; incompetence; pity/condescension; segregation endorsement,,,easy,,
stig_0229,now,,2019,bpd,batch3,no,,,,,,,,easy,"this pattern i talked about, it's most likely to occur in two mental states: psychosis and borderline personality disorder,"" bursten says."" i had to look at both possibilities."" "" why did he leave his father's house the night of the seventh? mr. jonchuck told me he thought an ice age was upon us and he took phoebe to drive south, to avoid the ice age,"" bursten says."" i read police reports that he stopped on his own on the bridge. he told me officer vickers had pulled him over. my first thought was mr. jonchuck was experiencing psychotic symptoms. but when he left the bridge, he only traveled south to get on i-75, then he headed north. if this was a true delusion, he would not have stopped on the bridge, and he would have continued driving south. but the real issue was what he did when he dropped phoebe over the edge of the bridge. he told me what he told two other doctors: when he was on the bridge, he thought the world was going to end, and the only way to prevent that was to kill himself and phoebe. he told me the devil told him to do it. he told (another doctor) he was god. people do all kinds of things because delusion drives them. it's a very powerful delusion that he has to save the world. that he's god. or the devil is talking to him. but he doesn't follow the delusion."" if the delusion was telling him to save the world, he had to kill himself and phoebe. i don't understand — the delusion isn't followed. he drops phoebe over the edge and he leaves."" bursten continues:"" so in terms of looking at this from a psychotic perspective i understand the symptoms are there but the real issue is connecting the dots to the bridge in my opinion.",
stig_0230,now,,2023,bpd,batch3,no,,,,,,,,hard,"in the 1980s, when anthony dubose set out to become a psychologist, he was told never to work with people with borderline personality disorder because they had high rates of suicide and intense emotional distress. they were considered untreatable. dubose first used dbt to help hospitalized teens. he now teaches the treatment to other therapists worldwide, as vice president of seattle-based behavioral tech, founded by marsha linehan, the woman who developed dbt and published the first treatment manuals in the 1990s. dbt saves lives and is finally getting the attention it deserves. still, too few americans can get it. nearly half the population doesn't have access to a mental health professional. fewer than a quarter of providers are certified to deliver dbt, dubose estimates, and insurance rarely covers it. this needs to change.",
stig_0231,now,,2020,bpd,batch2,no,,,,,,,,moderate,"Can a monogamous and polyamorous person have a healthy relationship? I dated a man from when we were 17 until 30 — we had we never cheated on each other. We had communication issues: He did not communicate emotions well, and I have borderline personality disorder, which, while well managed, still leaves me overemotional at times, especially when it comes to feeling potentially abandoned. After we broke up and I moved out, we continued to see each other for almost a year until he became exclusive with another girl. Shortly after that, he stopped speaking to me — his girlfriend made him choose between her and our friendship — and I moved overseas. They broke up shortly after I moved abroad, so we reconnected. When I moved back to the area six months later, we right away started a friends-with-benefits arrangement. This has been going on for almost four years now. I have not been seeing anyone else, even casually. As time went on, I was involved less and less in his social life because of my jealousy of other girls. (He wasn't dating, just physical with whomever he relationship is exclusively one-on-one. Last month, he told me he's no longer interested in just being physical with people and wants to come out as polyamorous. While he's been more emotionally connected with me than he has been in an extremely long time (since before we broke up, even) and very open with communication to reassure me the other girls he's seeing aren't a threat, it's devastating to me to think about the connections he's forming with these other people. It's also hurtful to think of him being affectionate with other people around his friend group when I'm never included in these types of things. He intentionally is not going to have a primary partner, which also makes me feel like these girls he's known for a few months are just as valued to him as I am (and we've been in some kind of romantic relationship for almost 20 years). He assures me there is no comparison or competition and that he'll work with me feel safe and secure without sacrificing his own needs. We currently don't discuss any details about his other partners because I'm afraid to know about them; I'll obsess over the ways they might be more desirable than me. He says he's extremely interested in trying to make our relationship work, and I am s well, because I do love him. How can I stop my jealousy and fear that I'm just not special to him anymore since he's seeing other people? How do I not feel "" less than "" the other girls when he chooses to spend time with them and not with me?",
stig_0232,reddit,quittingkratom,2020,depression,batch4,no,,,,,,,,moderate,,
stig_0233,now,,2014,autism,batch2,no,,,,,,,,moderate,"Using a visual test that is known to prompt different reactions in autistic and normal brains, Harvard researchers have shown that those differences were associated with a breakdown in the signaling pathway used by one of the brain's chief inhibitory neurotransmitters. Scientists identify a molecular key that helps cells maintain identity and prevents the conversion of adult cells into induced pluripotent stem cells — a its identity before assuming a new one.",
stig_0234,reddit,offmychest,2015,autism,batch2,no,,,,,,,,moderate,,
stig_0235,now,,2022,bpd,batch2,no,,,,,,,,easy,"Davidson has been fairly open with his mental health struggles, which include managing his borderline personality disorder diagnosis. He wrote his homage on the Notes app, and through Saturday Night Live writer Dave Sirus's socials. After the news broke Sunday evening, tributes flooded in, including one from Mary-Kate and Ashley Olsen, who together played Saget's youngest daughter, Michelle Tanner, on Full House."" Bob was the most loving, compassionate, and generous man,"" the Olsens said in a joint statement released to E! News."" We are deeply saddened that he is no longer with us but know that he will continue to be by our side to guide us as gracefully as he always has. We are thinking of his daughters, wife, and family and are sending our condolences."" Saget's family also confirmed his death with a statement, writing,"" He was everything to us and we want you to know how much he loved his fans, performing live and bringing people from all walks of life together with laughter.",
stig_0236,reddit,depression,2019,adhd,batch3,no,,,,,,,,moderate,,
stig_0237,now,,2020,alcoholism,batch4,no,,,,,,,,easy,"The letter outlines a variety of consequences that the doctors have observed resulting from the coronavirus shutdowns, including patients missing routine checkups that could detect things like heart problems or cancer, increases in substance and alcohol abuse, and increases in financial instability that could lead to "" poverty and financial uncertainty,"" which "" is closely linked to poor health."" "" We are alarmed at what appears to be the lack of consideration for the future health of our patients,"" the doctors say in their letter. and under-reported. This is an order of magnitude error."" The letter continues:"" The millions of casualties of a continued shutdown will be hiding in plain sight, but they will be called alcoholism, homelessness, suicide, heart attack, stroke, or kidney failure. In youths it will be called financial instability, unemployment, despair, drug addiction, unplanned pregnancies, poverty, and abuse.",
stig_0238,now,,2018,bpd,batch2,yes,expressed/enacted,public,cognitive,,uncontrollable,,direct pejoratives; stereotype language,hard,"The "" Weekend Update "" segment also addressed another member of the MAGA universe — last week's musical guest, Kanye West. Pete Davidson showed up to share his reaction to the pro-Trump rant West delivered after the show had gone off the air because, according to Davidson,"" Michael Che's black, but I'm crazy, and we both know which side of Kanye is at the wheel right now."" (The comedian has been vocal about managing his borderline personality disorder.) What West said was "" one of the worst, most awkward things I've ever seen here,"" Davidson continued,"" and I've seen Chevy Chase speak to an intern."" He denied West's claims that SNL cast and crew members had "" bullied "" him for wearing a Make America Great Again hat. up black families to promote welfare. "" Kanye, I know you're, like,' This is the real me; I'm off the meds,'"" he said."" Take' em! There's no shame in the medicine game.","[""but I'm crazy and we both know which side of Kanye is at the wheel right now""]"
stig_0239,reddit,relationship_advice,2020,adhd,batch3,yes,expressed/enacted; perceived/experienced,self,,,,,,moderate,,
stig_0240,reddit,abuseinterrupted,2020,depression,batch3,yes,expressed/enacted; perceived/experienced,public; self,cognitive,,contamination,,,hard,,
stig_0241,reddit,adhd,2019,adhd,batch4,no,,,,,,,,easy,,
stig_0242,now,,2020,autism,batch4,no,,,,,,,,moderate,"Dear Prudence, I've been dating someone who lives a few hours away from me for about nine months. He's intelligent, kind, funny, generous, and a little socially awkward (which is great because I am, too). A few months into our relationship, I began to suspect that he might fall somewhere on the autism spectrum. I have not discussed this with him because I care about him and don't want him to feel like I think there is something "" wrong "" with him. He does not show attraction or love the way that I'm used to, and I'm struggling with the lack of emotional reciprocity. I don't know if he actually enjoys my company, except he keeps coming around — he doesn't compliment me, flirt with me, or tell me that he those things when I do them. If I try to communicate my needs, he accuses me of playing games or "" fishing."" I recently mentioned this dynamic was hard for me, and he said he would try to be more supportive, but nothing's changed and he hasn't mentioned it since. Recently he mentioned wanting to live together, which left me feeling blindsided and guilty. If his behavior was coming from someone I didn't think might have Austism Spectrum Disorder, I would label him a jerk and move on. Do I tell him that I think he might be on the spectrum so we can work on specifically targeting those communication problems? Am I wrong for wanting a partner who occasionally tells me I look nice and says "" I love you too "" ? Could he just be a jerk? — Missing Emotional Reciprocation",
stig_0243,reddit,hppd,2018,schizophrenia,batch3,no,,,,,,,,easy,,
stig_0244,now,,2014,schizophrenia,batch4,no,,,,,,,,easy,"His psychosis began when he was 38 years old, when he started finding himself haunted by visions in his head and started hearing voices. Jung himself worried about this "" psychosis "" — things that today we'd might say were consistent with symptoms of schizophrenia (a term he also used to describe himself during this period). Jung didn't let these visions and hallucinations slow him down, and continued seeing patients and actively engaging in his professional life. In fact, he so enjoyed the unconscious mind he had unleashed, he found a way to summon it whenever he wanted. 1. Jung actively induced his hallucinations and visions. Most people who have psychosis or hallucinations seek to minimize their symptoms first experiencing these visions, Jung did just the opposite. He found the experience so exhilarating and full of unconscious content that could be further examined, he didn't just wait for the visions to come on their own. Instead, he encouraged their appearance throughout the day, for years.",
stig_0245,now,,2025,schizophrenia,batch3,no,,,,,,,,easy,"that said, online comments on marisol's case included also had a psychiatric hospital as well. the people diagnosed with schizophrenia were the ones who returned most often. they would stay on their prescribed medication for a while. when they weren't having their episodes they decided they were well and quit taking their meds. one of the psych. r.n.'s used to say we were just the revolving door for so many.",
stig_0246,now,,2016,autism,batch3,no,,,,,,,,moderate,"her son, now an eighth-grader at iowa city's northwest junior high, has tourette's syndrome, is autistic and deals with other challenges including anxiety and compulsion. "" with some of his behaviors, he just wanted to get out of that environment,"" she said, giving an example of a bustling cafeteria."" he learned that if he yelled he was going to burn immediately."" being shut into a 6-by-6-foot cube didn't calm him, his mother said. the family switched schools six times in as many years, trying to find a solution.",
stig_0247,now,,2016,alcoholism,batch2,no,,,,,,,,easy,"Mr. Wallace was executive director of the Lackawanna County Commission on Drug and Alcohol Abuse from 1976-80. When he held an equivalent title to chief of staff in expanded the county parks system and began the process of pushing through development of Montage Ski Resort. Then, working for the senator, Mr. Wallace was part of a team that helped bring federal funding to Lackawanna County initiatives like construction of the 911 center in Jessup, flood control projects, the Lackawanna Transit Center, improvements at Wilkes-Barre/Scranton International Airport and cleanup of polluted sites.",
stig_0248,now,,2013,bpd,batch1,no,,,,,,,,moderate,"Although discovered in 1906, study of the emotion-altering effects of oxytocin are still in their infancy. Experiments on humans as well as animal models strongly suggest that oxytocin is associated with pair bonding, social recognition, ethnocentricity (the "" in group "" effect), increasing trust, decreasing fear, and even improved wound healing. An interesting example of this class of effects can be found in a 2012 study which showed that oxytocin caused men in a monogamous relationship to maintain four to six inches more space between themselves and an attractive woman in a crowd, while less positive properties of oxytocin dosage have also begun to be reported. For example, a study from the University of Haifa found that the emotions of envy and Schadenfreude (pleasure in another's misfortune) were increased by internasal administration of oxytocin. Further research suggests people with borderline personality disorder, whose major symptom is a tendency to withdraw from social interactions, exhibit less trust when treated with oxytocin. This was particularly true in those who were sensitive to rejection. Clearly, oxytocin's effects on people's emotions are not as simple as originally suggested. This new study from Northwestern University demonstrates that oxytocin is associated with emotional pain. In increasing the strength of social memories, it may be the reason that stressful social situations (bullying, abuse, ridicule, rejection) can easily be brought to mind long after the event. The intensity of such memories can be such that the memory feels almost like living through the original event every time you think of it. The Northwestern study, carried out during a stressful social experience, oxytocin is released and activates a part of the brain that intensifies the memory. Oxytocin also increases the susceptibility to feeling fearful and anxious during stressful events going forward. It seems likely that oxytocin also intensifies positive social memories, but this has not explicitly been examined as yet.",
stig_0249,now,,2020,depression,batch4,no,,,,,,,,easy,"They don't care about pursuing happiness as a life goal. Strange as it sounds, researchers have found that the very pursuit of happiness drives away happiness. In one study, for example, the scientists discovered that afterwards. They were often more depressed than people who did not watch the movies but read the news. And in another, longer-term study, they found that people who pursued happiness from a youthful age (in the 1920s) ended up dying earlier, potentially from the onset of depression that came about when they did not continually reach new happiness milestones. As an alternative, the researchers suggest living in the present experience, but not actively seeking a happy experience. They don't care who is to blame. To the extent happiness means reducing stress, one of the best ways incurably happy people do so is by not assigning and/or even accepting, blame. Scientists have found, for example, that people who routinely assign blame to others — even when it's merited — suffer numerous, stress-related illnesses. Indeed, recent work has even begun to overturn older concerns about' self-blame'. In that past, psychologists, such as Freud, argued that blaming one's self led to depression. challenged this view. They found that self-blame of the negative sort could be a defensive mechanism: one wherein the depressed person did not accept blame appropriately in some past, critical instance. Yet, when blame is accurately attributed (or accepted when plausible) brain processes associated with depression are not related to self-blame. Indeed, self-blame ignites pleasure centers. The upshot is that many happy people achieve this state by not seeking to assign blame in the first place. They don't care about losing things to change. The enemy of change is our inability to let things go. Indeed, some brain scientists at Yale have found that the stronger our attachment to possessions, the more stressed we become about losing them to change. Naturally, that leads us to resist change. Yet, this ignites a vicious cycle. As other research studies have shown, stress leads to loss aversion — or a mental hangup wherein we hold a distorted view of risk-taking. When we're loss averse, for example, willing to take bad gambles when we shouldn't. The upshot is that we make things worse for ourselves precisely because we resist change. As a result, incurably happy people do not resist change. They realize losses are often necessary to make room for new gains.",
stig_0250,now,,2022,adhd,batch3,yes,expressed/enacted,public,cognitive,,trivialisation or minimisation,,,easy,"so i want to expose something about myself,"" elizabeth told shanae."" it's really hard for me to have multiple auditory inputs because i can't process the information. i have adhd. i've had it really bad since i was a kid. like, ency was trying to say to me, and maybe you had said something in the middle of her saying something and i just, i ca n't, like, hear it."" however, it didn't seem like shanae really heard what elizabeth was saying, which is probably why, when they rejoined the rest of the ladies, shanae had zero sensitivity toward elizabeth and her mental health issues. after telling the whole group elizabeth has adhd without her permission, shanae dug an even deeper hole for herself when she stormed off saying,"" fake, fake, fake. adhd, my ass. 100 percent."" shanae just outed elizabeth's adhd to the rest of the women and that is disgusting. now she's denying her mental health? disgusting. #thebachelor","[""shanae dug an even deeper hole for herself when she stormed off saying,"" fake, fake, fake. adhd, my ass. 100 percent."", ""now she's denying her mental health""]"
stig_0251,now,,2012,alcoholism,batch4,no,,,,,,,,hard,"The infant mortality rate here is five times the national average, and due to high rates of alcoholism and few services available to addicts needing treatment, a larger than average percentage. Rape of Native women who reside here is shamefully common, and often goes unprosecuted. Mississippi. The entire state of Mississippi. Sorry, Magnolia staters. Mississippi is far and away the scariest place to be a woman. Barring judicial injunction, as of July 1, operations at the state's only abortion clinic will be threatened because of a new law signed into law by Governor Phil Bryant. Every state that Mississippi touches has a 24-hour waiting period in place for women who want to have abortions, and earlier this year, the House passed a law barring women from receiving prescriptions for RU-486 via Skype or teleconference, so ladies in Mississippi are triply fucked. The state also leads the nation in teen pregnancy and obesity, and worst in child wellness, but despite all of its problems that aren't related to women having too many abortions, Mississippi's legislators have stuck to something they know they can control — whether or not the ladies stay pregnant. They're surprisingly mum, ladies is devoid of pollutants that could cause birth defects and difficult pregnancies and stuff. Nope, let's keep everything unregulated but the squishy baby houses.",
stig_0252,now,,2014,depression,batch1,no,,,,,,,,moderate,"Many people feel emotions in certain parts of their bodies — stress in their neck or anxiety in their stomach, maybe happiness in their chest. As you can see in the map below,"" anger "" is a heady, top-of-body emotion, while "" love "" and "" happiness "" is felt rather strongly all over. Feelings such as "" sadness "" and "" depression,"" however, are experienced as a relative deactivation of sensations, compared to normal states. To create the map, the researchers showed more than 700 volunteers various words, stories, movies, and images associated with different "" basic "" and "" complex "" emotions, and asked them to point out bodily regions where they felt increasing and decreasing activity in reaction. Their results, reported in the Proceedings of the National Academy of Sciences, produced consistent heat maps that were statistically unique for each emotion, and reproducible among the subjects, who were of Finnish, Swedish, and Taiwanese. Their conclusion is that the emotional signatures "" and are tied to biological systems, rather than triggered by what people have learned to think based on common language phrases, such as "" having butterflies in the stomach.",
stig_0253,now,,2023,depression,batch4,no,,,,,,,,easy,"It clearly is in the interest of drug companies to conflate chronic psychological unhappiness — which is fairly common — with major depression so they can sell more drugs to people. Since most antidepressants have gone generic, they are now instead pushing the use of newer dopaminergic, anti-psychotic medication. This is also being done with bipolar depression treatment. Major depressive disorder (MDD) is now being over-diagnosed by relabeling what used to be called dysthymia as "" mild "" major depression. In fact, in the new list of psychiatric diagnoses, the DSM-V-TR, the term "" dysthymia "" has been replaced. It is now called Persistent Depressive is telling. The only specific criteria for dysthymia in the switch to the new disorder that has been changed from the original is "" The disturbance is not better accounted for by MDD or MDD in partial remission "" to "" Criteria for Major Depressive Disorder (MDD) may be continuously present for 2 years, in which case patients should be given comorbid diagnoses of persistent depressive disorder and MDD.",
stig_0254,reddit,psychonaut,2014,schizophrenia,batch4,no,,,,,,,,easy,,
stig_0255,reddit,legaladviceuk,2017,alcoholism,batch3,no,,,,,,,,easy,,
stig_0256,reddit,fanfiction,2022,adhd,batch3,no,,,,,,,,moderate,,
stig_0257,reddit,alcoholism,2022,alcoholism,batch4,yes,expressed/enacted; perceived/experienced,self,,,,,,easy,,
stig_0258,reddit,psychologystudents,2017,schizophrenia,batch2,no,,,,,,,,easy,,
stig_0259,reddit,relationship_advice,2020,schizophrenia,batch3,no,,,,,,,,moderate,,
stig_0260,reddit,davidvenable,2015,alcoholism,batch2,no,,,,,,,,easy,,
stig_0261,now,,2022,schizophrenia,batch1,no,,,,,,,,moderate,"The 46-year-old prisoner has suffered from mental illness, including schizophrenia, since childhood, according to medical examinations and records obtained by his lawyers. The U.S. dropped plans to try him after a Bush administration legal official concluded he had been tortured at Guantanamo. With his release, there are now 38 prisoners left at the detention center. He is the second released under President Joe Biden, who has said he intends to close the facility. "" The United States appreciates the willingness of Saudi Arabia and other partners to support ongoing U.S. efforts toward a deliberate and thorough process focused on responsibly reducing the detainee population and ultimately closing of the Guantanamo Bay facility,"" the Department of Defense said in a statement announcing the repatriation of al-Qahtani.",
stig_0262,reddit,adhd,2020,adhd,batch4,no,,,,,,,,moderate,,
stig_0263,now,,2022,schizophrenia,batch4,no,,,,,,,,moderate,"When grieving my brother, who died of an overdose many years ago, I reminded myself frequently that he had told me how much he loved doing drugs. He had the terrible illness of addiction, yes. (And schizophrenia, which complicates matters.) But he also was an adult. He made his choices. I decided, in my grief we'd done things differently, things would be different. But hindsight is 20/20 — you ca n't know when someone will get into an automobile accident — and sometimes, all we might manage would be to delay the inevitable. People die. They just do. We can also weigh the years of love we showed against the moments we regret. Chances are very good that the balance tips definitively towards the love and away from the "" failures."" Or, in the case of estrangement — which I also experienced with my parents — we can remind ourselves of the reality of the relationship and resist the temptation to put on rose-colored glasses of regret. Disconnecting the Guilt From the Grief So okay. Maybe we woulda. Maybe we coulda. Maybe we even shoulda. But we didn't. That's the hard fact, and a lifetime of self-flagellation won't change that.",
stig_0264,reddit,thecinemassacretruth,2021,depression,batch4,no,,,,,,,,easy,,
stig_0265,now,,2023,depression,batch4,no,,,,,,,,moderate,"The spike in outbursts, fidgeting and nonstop chatter in classrooms coincides with a national mental health crisis. American pediatricians during the pandemic went as far as to call it a national emergency. A parents with kids under 18 said they are "" extremely or very worried that their children might struggle with anxiety or depression at some point."" Teachers are under pressure to help students make up for what they haven't learned, and kids feel their stress. The combination has led to a pronounced rise in students expressing anger or sadness by lashing out and being disruptive at school. "" Anytime we've got a chaotic structure and high expectations of ourselves, it's very easy for that to come out in disruptions,"" said Kent McIntosh, an associate professor in the College of Education at the University of Oregon."" What on the outside can look like defiant behavior is sometimes a student's best bet to get needs met in the moment.",
stig_0266,now,,2021,bpd,batch3,yes,expressed/enacted,public,cognitive,,pity/condescension,,,hard,"the concept is that the bonobo apes represent the humans who have traits and tendencies typical of avoidant antisocial personality disorder, narcissistic personality disorder, borderline personality disorder and histrionic personality disorders. the last subset of apes that fell on the chart are the orangutans, which are largely representative of paranoid, schizoid and schizotypal personality disorders. the purpose of looking at this link between human and apes is that it is possible that the differences in human empathy, social skills and personality are not so much' abnormal' as they are simply slightly more primitive and animalistic in nature... essentially these personality traits that we are classifying as' abnormal' are actually somewhat normal ranges in human behavior which depend on 2 things: emotional maturity and our ability to meet our own basic human needs.","[""it is possible that the differences in human empathy, social skills and personality are not so much\' abnormal\' as they are simply slightly more primitive and animalistic in nature...""]"
stig_0267,reddit,legaladviceuk,2021,autism,batch4,no,,,,,,,,easy,,
stig_0268,reddit,bpd,2021,bpd,batch4,yes,expressed/enacted; perceived/experienced,self,,,,,,moderate,,
stig_0269,reddit,careerguidance,2021,autism,batch4,no,,,,,,,,moderate,,
stig_0270,reddit,starbucksbaristas,2020,depression,batch1,no,,,,,,,,easy,,
stig_0271,reddit,autism,2016,autism,batch3,no,,,,,,,,easy,,
stig_0272,reddit,advise,2019,depression,batch2,no,,,,,,,,moderate,,
stig_0273,reddit,asksciencediscussion,2016,schizophrenia,batch2,no,,,,,,,,easy,,
stig_0274,reddit,autisticpride,2021,autism,batch4,yes,expressed/enacted,public,behavioural,,,bullying/mocking,,moderate,,
stig_0275,reddit,transytalk,2019,schizophrenia,batch3,no,,,,,,,,hard,,
stig_0276,now,,2015,adhd,batch4,no,,,,,,,,easy,"In our own work, colleagues and I showed that it was possible to reduce medication use for ADD/ADHD by some 33 percent with a simple, school-based physical activity program. This and related research pathology to justify the use of drugs to treat what recess would cure. This is very sad testimony to the state of our cultural priorities. Finally, I ca n't help but note our profound cultural hypocrisy regarding health. We routinely market to kids food we know is implicated in such travesties as adult-onset diabetes in childhood, even as we study treatments of these unnecessary harms, up to and including bariatric surgery. I am not conspiracy-theory minded, but it's hard to resist the macabre fantasy of Big Food and Big Pharma behind closed doors, concluding: It's a deal. We will profit from causing the disease, you can profit from treating it — and everybody wins! Everybody except the public, that is. To the best of my knowledge, a rather boisterous group in cyberspace calling itself "" science based medicine "" is silent on all of this. They preferentially malign all alternatives to conventional medicine, implying that problems of evidence and its application lie entirely without, and not within such protest is itself unconcerned with the underlying evidence, and born instead of ideological zealotry. If evidence matters, it matters equitably, and universally.",
stig_0277,now,,2020,autism,batch2,no,,,,,,,,moderate,"Etta Hoffman is a solitary, autistic statistician who will become the unofficial historian of the apocalypse. Greer Morgan is a teenager when her world is upended. She will become a warrior known as "" the Lion,"" a legendary Chuck Corso, aka "" The Face,"" is a bland cable news broadcaster who will find himself delivering the end-of-the-world news in real time. Karl Nishimura is an officer on an aircraft carrier overrun by the dead. Karl himself is an introspective figure, a natural outsider whose ideas will help shape the nature of the human future. The brief second section,"" The Life of Death,"" moves quickly through the events of the next 11 years as the remaining humans struggle to maintain a place in a world that is no longer theirs. The long final section,"" The Death of Death,"" concerns the events of a single climactic day. The last 200 pages, which take place in a struggling utopian community in Toronto, carry the familiar story into new territory and toward a conclusion we have never previously glimpsed.",
stig_0278,reddit,relationship_advice,2020,alcoholism,batch4,no,,,,,,,,easy,,
stig_0279,reddit,amitheasshole,2022,autism,batch3,yes,expressed/enacted; perceived/experienced,public; self,affective; cognitive,"anger, irritability or frustration",controllable; personal responsibility and blame; segregation endorsement; trivialisation or minimisation,,,easy,,
stig_0280,reddit,stopdrinking,2018,alcoholism,batch3,no,,,,,,,,easy,,
stig_0281,reddit,adhd,2022,adhd,batch3,yes,perceived/experienced,public,cognitive,,controllable; moral or character flaw,,,hard,,
stig_0282,reddit,stopdrinking,2019,alcoholism,batch3,yes,expressed/enacted,public,cognitive,,pity/condescension; uncontrollable,,,moderate,,
stig_0283,now,,2012,depression,batch4,no,,,,,,,,moderate,"How I Hid It... Well But that was me on the inside. I suspect there are loads of stay-at-home moms who appear perfectly happy on the outside, but secretly wage internal battles with anxiety and depression. On three different instances I was offered a Xanax by a mom to child on a playdate. I wouldn't say stay-at-home moms are handing out Xanax like candy, but it's definitely carried around in more than a few handbags. Fortunately, I never allowed my spirits to fall too far, and I was able to ward off full-blown anxiety and depression when it beckoned. I made sure I went to the gym a few times a week and hired a babysitter for a little "" me "" time here and there. I refused to feel sorry for myself for too long, despite the fact that my plan of staying home with the kids for only a few weeks had turned into a few years. After all, I was choosing this.",
stig_0284,reddit,raisedbyborderlines,2019,bpd,batch4,no,,,,,,,,moderate,,
stig_0285,now,,2020,autism,batch1,no,,,,,,,,moderate,"On Monday, students wore blue and yellow for Down syndrome, crazy socks on Tuesday for Autism, jerseys on Thursday to celebrate unified sports and patriotic colors on Friday to represent inclusion across the U.S. "" It is important for our students to understand that our differences are what make us unique and awesome in our own way,"" Pennington said."" We want our students to be accepting and practice inclusion so everyone learns and benefits from the day-to-day interaction. We value the opportunity to learn from others and strive for each student to grow in this school went a step further March 4 with blackout day, signifying blocking out the "" r-word."" "" The' r-word' infers that one person is less than another,"" Pennington said."" Trying to teach students to value every person for their strengths is important. Eliminating the use of the word takes society one step closer to a kinder place.",
stig_0286,now,,2022,bpd,batch2,no,,,,,,,,moderate,"Individuals with borderline personality disorder often experience this as well as dependent personality disorder experience fear when they are alone as they feel incapable of taking care of themselves. Individuals with symptoms of narcissistic personality disorder crave the attention and adoration of others to reaffirm their worthiness and attractiveness. Seeking out relationships for the purpose of avoiding being alone is an act of desperation. The focus is on getting others to keep you company at any cost. Some people use sex to keep others around. Others use money. Some bully others into being with them with threats or intimidation. None of these methods will produce intimacy. These motives and methods of approaching relationships will drive away healthy people and can instead lead to unhealthy relationships with other unhealthy individuals. These are relationships that are based on barter: companionship is offered in exchange for validation or dependency or convenience. This is a business transaction, not a passionate act of intimacy. Mary and Hari",
stig_0287,now,,2021,autism,batch2,no,,,,,,,,easy,"Laura is an editor at Live Science. She edits Life's Little Mysteries and reports on general science, including archaeology and animals. Her work has appeared in The New York Times, Scholastic, Popular Science and Spectrum, a site on autism research. She has won multiple awards from the Society of Professional Journalists and the Washington Newspaper Publishers Association for her reporting at a weekly newspaper near Seattle. Laura holds a bachelor's degree in English literature and psychology from Washington University in St. Louis and an advanced certificate in science writing from NYU. Live Science newsletter Stay up to date on the latest science news by signing up for our Essentials newsletter.",
stig_0288,reddit,bpd,2014,bpd,batch4,yes,expressed/enacted; perceived/experienced,self,,,,,,hard,,
stig_0289,now,,2022,adhd,batch3,no,,,,,,,,easy,"why kids with adhd are often labeled "" weird "" the difficulty of making social connections with adhd. the basics key points the symptoms of a child's adhd, such as immaturity and poor emotional control, often lead them to be viewed negatively by peers. approximately one-third of teens and adults with adhd are fearful of being seen by others as incompetent, unappealing, or uncool.",
stig_0290,now,,2011,depression,batch1,no,,,,,,,,moderate,"Brown, a professor of anesthesia at Harvard Medical School and a practicing anesthesiologist at Massachusetts General Hospital, recently co-authored a study in The New England Journal of Medicine outlining what scientists know mysteries, he says, will help scientists better understand consciousness and sleep — and could lead to new treatments for pain, depression and sleep disorders. Anesthesia And The Brain One of medicine's biggest questions is how anesthesia — which knocks patients unconscious, renders them immune to pain and keeps them immobile during procedures — actually works in the brain. Brown's team has been conducting imaging studies on volunteers under anesthesia to see how different parts of the brains change activity levels as the volunteers lose and then regain consciousness. From' The New England Journal of Medicine'",
stig_0291,now,,2011,schizophrenia,batch3,no,,,,,,,,moderate,"quinonez's case marked the third case of alleged brutality summer in the wake of the death of thomas, a homeless man who was diagnosed as a schizophrenic. quinonez accused hampton of assaulting him and falsely accusing him of being drunk in public, said mardirossian. coincidentally, quinonez happened to be one of about 100 witnesses to the police struggle with thomas and even saw hampton's involvement in that incident, quinonez said. quinonez was interviewed by prosecutors investigating the homeless man's death, his attorney said.",
stig_0292,reddit,trailerparkboys,2021,alcoholism,batch3,no,,,,,,,,easy,,
stig_0293,now,,2022,adhd,batch4,no,,,,,,,,easy,"You might protest by noting that your child watches educational TV. But if the educational shows your child is watching flash numbers and letters at her during the period of brain hyperdevelopment before the age of two, they can create learning problems similar to ADD and ADHD, whereby your child's growing brain reacts to patterns of flashing putting her on high alert. 1 After the age of two, however, shows from the past such as Sesame Street and Mister Rogers' Neighborhood not only can support confidence but also can promote self-esteem. In families without fathers, shows such as Mister Rogers' Neighborhood offered children accepting dad. A positive male role model is critical, as children thirst for that missing parent while having no idea what that parent should be like. Exposing them to a positive male model gives them the opportunity to develop skills of emotional interaction and gain necessary psychological input. Studies indicate that boys without a father to emulate are at a higher risk for delayed maturity, as they are seeking the confirmation and bonding from a missing dad.",
stig_0294,reddit,trans,2020,depression,batch4,no,,,,,,,,moderate,,
stig_0295,reddit,mentalhealth,2019,schizophrenia,batch2,no,,,,,,,,easy,,
stig_0296,now,,2019,bpd,batch4,no,,,,,,,,easy,"Can One Quality Be at the Core of Borderline Personality? New research examines the core quality of borderline personality disorder. THE BASICS People with borderline personality disorder (BPD) engage in frantic efforts to avoid being abandoned, have an unstable sense of identity, feel chronically empty, have difficulty controlling their anger, and may engage in self-harm. If you know someone with BPD, you undoubtedly have experienced the rage that can occur when this person feels neglected, vehemently blaming you for not being caring or supportive enough. Prominent psychological theories of BPD vary in the explanations they provide for its development, including genetic determinants, early childhood experiences, difficulties in understanding how others feel, and a hypersensitivity and hyperreactivity to cues from other people.",
stig_0297,reddit,adhd,2017,adhd,batch4,no,,,,,,,,easy,,
stig_0298,reddit,foreveralonedating,2021,depression,batch2,no,,,,,,,,easy,,
stig_0299,now,,2022,alcoholism,batch2,no,,,,,,,,easy,"Bates said she wants to reform the Lanterman-Petris-Short Act a conservator to make treatment decisions for people considered "" gravely disabled "" because of chronic alcoholism or severe mental illness. So does Gallagher, who has introduced a measure that would allow counties to expand the definition of someone who is gravely disabled to include those who are "" unable to provide for their basic personal needs for food, clothing, or shelter... without significant supervision and assistance."" That's not exactly where Newsom is at.",
stig_0300,reddit,christianity,2019,alcoholism,batch3,yes,expressed/enacted; perceived/experienced,self,,,,,,easy,,
stig_0301,reddit,legaladvice,2021,depression,batch4,no,,,,,,,,easy,,
stig_0302,now,,2021,bpd,batch3,no,,,,,,,,moderate,"patients with borderline personality disorder (bpd) show intense reactions to perceived abandonment, a high degree of mistrust, and a distorted, negative perception of others,"" report the authors of the research led by evelyn levay of simmelweis university in hungary."" they misinterpret social cues with a pronounced negative bias, or fail to accurately perceive positive bias can be found in research showing that borderline personalities are more likely to rate a person as untrustworthy when viewing a neutral photo of their face than non-borderline personalities. to further explore the link between distrust and borderline personality disorder, levay and her research team recruited 60 adults (30 diagnosed with bpd and 30 healthy individuals) to participate in a 15-minute in-person experiment. in the experiment, participants were asked to make a series of hypothetical monetary decisions, dividing a sum of money between themselves and another person. participants could either make selfish decisions (opting to keep most of the money for themselves), equitable decisions (evenly splitting the money between themselves and the other person), or altruistic decisions (offering the other player more money than they kept for themselves). the researchers also asked participants to predict how the other player would act when given the same options.",
stig_0303,reddit,bipolar,2019,bpd,batch3,no,,,,,,,,easy,,
stig_0304,now,,2010,autism,batch1,no,,,,,,,,moderate,"Vaccines, Autism and Brain Damage: What's in a Name? Vaccines have saved untold millions of lives, and the vast majority of people who get them suffer no major problems. But there's a trade-off: occasionally, vaccines cause injury or death. Very rarely, patients are left with what's known as "" encephalopathy "" , the medical term for brain damage.",
stig_0305,reddit,jobs,2022,adhd,batch4,no,,,,,,,,moderate,,
stig_0306,now,,2017,adhd,batch3,yes,expressed/enacted; perceived/experienced,self,,,,,,hard,"robles dropped explain his passion for criminal justice reform, he said a learning disability made him feel like he was stupid. his mother said he had attention deficit hyperactivity disorder. "" when he dropped out of school, that was hard,"" arguizoni said."" i almost thought all my dreams, my hopes for him were gone."" robles wrote that he was 19 and living in poverty, in a cockroach-infested south end apartment, when he was arrested for conspiracy to sell 19 grams of heroin. he was living in a place filled with gangs and drugs where addicts would shoot heroin in the hallways, and "" crowds of addicts walked through streets looking like zombies.","['he said a learning disability made him feel like he was stupid.""]"
stig_0307,reddit,crusaderkings,2017,autism,batch3,no,,,,,,,,moderate,,
stig_0308,now,,2019,schizophrenia,batch2,yes,expressed/enacted,public,cognitive,,incompetence,,metaphor via terminology,easy,"Despite the notable accomplishment of the Iran nuclear deal, adjusting the terms of our engagement was harder than Obama had anticipated. Most of the region's players were accustomed to America's centrality in their world, and schizophrenic in their simultaneous resentments and expectations of American influence. While we saw the Arab Spring as a window of opportunity and the Iran agreement as a demonstration of the value of hard-nosed diplomacy, most of our friends saw them as existential dangers. They continually exaggerated our ability to affect events, and we did the same. Trump's diagnosis of the pathologies of U.S. policy in the Middle East was in some ways similar to Obama's, and his anti-establishment view struck a chord were suckers for taking on too much and gaining too little in the Middle East, where people had been fighting for millennia, and where we had no obvious responsibility or capacity to fix things. Trump's prescription, however, has been crudely drawn and ineptly executed, a reflection of his own distinct brand of magical thinking. Rather than rebalancing diplomacy and force, he has so far abandoned the former and misplayed the latter. His big idea was the flawed notion that you could shoehorn American strategy into a grand coalition against Iran, stretching from Benjamin Netanyahu's Israel to Gulf Arab autocracies. The result has been spectacularly corrosive for American interests. Trump abandoned the Iran nuclear accord and launched a campaign of "" maximum pressure "" against Tehran, untethered to realistic goals, an idiosyncratic model of coercive diplomacy that was all coercion and no diplomacy. Iran made clear that it had a vote too, escalating tensions in the Gulf and edging steadily away from nuclear limits. The U.S. dispatched 3,000 more troops to was scaling back the American military presence in the region.","[""Most of the region's players were accustomed to America's centrality in their world, and schizophrenic in their simultaneous resentments and expectations of American influence.""]"
stig_0309,now,,2012,schizophrenia,batch3,no,,,,,,,,moderate,"there's been an astonishing, astronomical increase in murders in the city this year, for which the mayor scapegoats liquor and convenience stores while cutting $9 million from youth anti-violence programs. cutting is emanuel's bag — which may be why i saw, for the first time ever in front of my tranquil chicago building five blocks from the obama family's home, a schizophrenic ranting and shrieking up and down the street. rahm has closed six of the city's twelve public mental-health clinics — and his cops have been arresting people protesting on the sidewalks in front of them without charges.",
stig_0310,now,,2021,bpd,batch3,no,,,,,,,,easy,"hall held gugliemelli's feet to the fire. she allowed him to apologize ("" there are no allegations. i admit to) and discuss the therapy he's received to help him learn about his borderline personality disorder and the reasons he might have done these horrible things. but she would interrupt him any time the conversation turned too much toward his own healing and not to the ways in which he recognizes how the trauma of what he did still affects the victims and the lgbt+ community. "" i've been a reporter for 30 years. it's not giving away your platform. it's called an interview. and people who do bad things are interviewed."" he claimed that his motivation for catfishing and entrapping his victims, many of whom were his friends, into embarrassing sexual situations was motivated by a fear of losing them. he also said that he has never been contacted by authorities over the allegations, and no longer possesses the photos and videos he received through his scheme.",
stig_0311,now,,2019,autism,batch3,no,,,,,,,,moderate,"an autistic man who sought to become an electrician filed a lawsuit against an area trade school, alleging it reneged on its promise to offer him additional help so he could earn a certification. according to the suit, in october 2018, benjamin knox, 21, of south abington twp., applied for the electrical trades program at fortis institute, a for-profit, private trade school with 32 campuses, including one in forty fort. at the time, knox and his mother, denise knox, advised school officials he is autistic and would need special assistance. the officials assured them he would be provided accommodations.",
stig_0312,now,,2024,bpd,batch2,no,,,,,,,,easy,"People reports Davidson underwent treatment last summer for post-traumatic stress disorder and borderline personality disorder. He also has struggled with substance abuse in the past and reportedly has been focusing on his sobriety during the tour. Davidson rose to stardom while on "" Saturday Night Live "" from 2014 to 2022. He has appeared in multiple TV shows and movies, including "" The King of Staten Island,"" which he co-wrote with Judd Apatow. He also was co-creator and star in "" Bupkis,"" a series on Netflix. If you purchase a product or register for an account through a link on our site, we may receive our User Agreement and agree that your clicks, interactions, and personal information may be collected, recorded, and/or stored by us and social media and other third-party partners in accordance with our Privacy Policy.",
stig_0313,now,,2016,bpd,batch1,yes,expressed/enacted,public,affective,"anger, irritability or frustration",,,,easy,"And no not all children want to be with their families if they are being abused or neglected you have so much white cis hetero Christian privilege that it causes you to have a borderline personality disorder.. Get some help Kevin.. You can always count on Kevin to be the first to post negative comments whenever there is a story dealing with GLBTQ issues. By now, I've come to expect his POV: it's ALWAYS the opposite of what the people in the story are hoping for. Equal rights for gays? Kevin says "" no "" . Discrimination occurring based on sexual preference? Keven says "" no."" You can read him like a book. He's obviously a sad little man whose negativity knows no bounds. I imagine him sitting in a dark room, checking the Chronicle website endlessly, waiting for some GLBTQ article to appear Nancy."" Welcome to the discussion. The Bozeman Daily Chronicle welcomes public comments on stories, but we do require you to abide by some ground rules. In general: be polite, don't post obscenities, stay on topic, respect people's privacy, don't feed the trolls and be responsible.","[""you have so much white cis hetero Christian privilege that it causes you to have a borderline personality disorder""]"
stig_0314,now,,2025,alcoholism,batch4,yes,expressed/enacted; perceived/experienced,self,,,,,,moderate,"Within a few hours of posting the statement, Andress was already on another plane to a rehab facility (she declines to say where exactly, but that it wasn't in Tennessee). She took her seat and silently sobbed away the shame of the performance and of admitting her alcoholism issues to herself and the world. At one point, a flight attendant tried to console her."" Don't worry, sweetie. People are gon na forget,"" Andress remembers her saying. To Andress, if the flight attendant knew what had happened on the field in Dallas, then surely everyone else did."" It broke my heart,"" she says of seeing the reactions online."" I had to stop reading comments because I couldn't handle how deeply it hurt."" In retrospect, Andress understands why her performance became the focus of so much ire. Yes, it was bad, but the political climate in America was also tense. Just two days earlier, a rally in Pennsylvania; meanwhile, some Democrats were calling for President Biden to withdraw from the race."" I felt like America's punching bag. I became a way to unite America. It was like,' At least we can all agree that this girl botched the anthem,'"" Andress says."" I'll be the punching bag for sure, but I didn't commit a crime. It felt very extreme for what the situation was."" At the treatment center, Andress had her phone taken away and went on to spend a little over a month working through her substance abuse issues. A few things came up in the process: Andress realized that since releasing her first album, 2020's Lady Like, she'd been working nonstop. ("" When things are going well for you, nobody checks in on you,"" she says.) She also recognized some unresolved feelings about breaking up with her former manager, as well as a "" significant other who was a lot of big decisions made that in a short period altered my life drastically. I thought that changing that would fix everything, but it was so much to process,"" Andress says."" There was a grieving period I never gave myself.",
stig_0315,now,,2020,depression,batch4,no,,,,,,,,easy,"She learned to protect herself by keeping her mouth shut and going along with what she thought was expected of her. Mimi grew up in a family where no one ever quiet,"" Mimi said one day,"" that they made the morgue sound rowdy."" Not only did she never witness her parents fighting, she never even saw a minor disagreement. If they ever did argue, it was behind closed doors. She grew up believing that arguments were wrong and scary. They must be dangerous, she concluded, since her parents would do anything rather than fight, even drink addictively and endure major depression. It wasn't the past that was destroying Mimi and Rita's relationship. It was the current reality of a shared conspiracy to avoid expressing feelings to each other. Rita and Mimi felt the normal hurts, disappointments, frustrations, and grievances that all couples feel from time to time. The problem was that neither ever acknowledged them. The more they withheld, the more fearful they became. This bred more withholding. Eventually, their relationship deteriorated into a wasteland of resentment. When they finally felt they had nothing to lose, they came to relationship to salvage. Together they began the excruciatingly difficult task of breaking patterns of denial and avoidance that had been present in each of their families for generations. They struggled with their own fears of conflict, as well as the fears of the parents, grandparents, and beyond who had passed this pattern on to their children. If it weren't for Mimi and Rita's desire not to inflict this pattern on their own daughter, they would almost certainly have been unmotivated to take on this huge challenge. Their love for her prompted them to find the courage to finally speak openly to each other. At first, a painful level of anxiety filled their conversations. Both Mimi and Rita felt certain that the violation of their families' unspoken rules of denial would result in unbearable suffering and grave punishment. But gradually the opposite proved to be the case. With each encounter, they both became less fearful and more courageous.",
stig_0316,now,,2018,alcoholism,batch2,no,,,,,,,,moderate,"Alcoholism has a huge impact on not just the person, but also their family. So, I think for his kids' sake and for their mom, and for himself, he's trying to do the work and get it together,"" Casey said. The "" Old Man and the Gun "" star went on to explain that struggles with alcohol and addiction run in the Affleck family and that he's been where his brother is right now. of my grandparents are alcoholics. My father is an alcoholic, as bad as you can be, and he's been sober for about 30 years. I've been sober for about six years,"" Casey said."" Ben is trying to put it together, and it can be a very hard thing to do. He has the kind of resources and time, luckily, to take the time and go to a good facility.",
stig_0317,reddit,aspergers,2020,autism,batch3,no,,,,,,,,moderate,,
stig_0318,reddit,asktrp,2019,bpd,batch3,yes,expressed/enacted,public,cognitive,,uncontrollable,,,easy,,
stig_0319,now,,2023,schizophrenia,batch4,no,,,,,,,,moderate,"A man who abducted a 6-year-old Missouri girl and beat her to death at an abandoned factory two decades ago was put to death Tuesday evening, shortly after the U.S. Supreme Court rejected a request to block the execution over arguments he was mentally incompetent. Johnny Johnson, 45, received a lethal injection dose of pentobarbital at a state prison in Bonne Terre and was pronounced dead at 6:33 p.m. CDT, authorities said. Johnson, who had schizophrenia, expressed remorse in a brief handwritten statement released by the Department of Corrections hours before being executed. An assistant-living home co-owner and one of his employees have out of the home. Ralph Cowart co-owns the Southern Manor at Candler off Fair Road in Statesboro and Meghan McCullough works as the executive director. The Candler County Sheriff's Office asked the Georgia Bureau of Investigation to look into the home after a deputy found an elderly woman walking on the train tracks on June 23. Ryan Speakman, the Circleville, Ohio, police officer who was fired after releasing a police dog on a Black man with his hands raised, appeared to defend his actions in the immediate aftermath of the incident, according to new body camera footage.",
stig_0320,now,,2020,alcoholism,batch4,no,,,,,,,,hard,"The last time I detoxed, I really thought I was going to die. I had my hand on the phone, I was afraid that I was going to start hallucinating and shooting guns? — ? I didn't know what was going to happen,"" Zevon tells Nelson."" From what I know about alcoholism... I'd say there's nothing romantic, nothing grand, nothing heroic, nothing brave? — ? nothing like that about drinking. It's a real coward's death."" This candor went only so far, however. The thrust of Nelson's story is to present a sinner who has repented and put his past behind him? — ? the implicit idea was to make Zevon palatable again to industry insiders who had written him off. (This included Rolling Stone publisher Jann Wenner, who had pledged to never again put Zevon in his magazine concert in 1978.) But Zevon's drinking actually got worse in the years after the Rolling Stone article ran, until he finally cleaned up in 1986. As a younger man, Zevon was attracted to drugs and alcohol because they supplied a sense of bravado he didn't otherwise feel as a shy, introspective person. For many of us who love Zevon's songs, this chemically addled bravado is itself a drug.",
stig_0321,now,,2017,schizophrenia,batch3,yes,perceived/experienced,structural,,,,,,hard,"in a searing, eloquent 2012 essay on living with schizophrenia, she agonized over the deaths of mentally ill people like her at the hands of police. "" we are all aware of the all too frequent news stories about the mentally ill who come up against law enforcement instead of mental health professionals and end up dead,"" she wrote in the essay, which she had given to her attorney.","[""over the deaths of mentally ill people like her at the hands of police."", ""we are all aware of the all too frequent news stories about the mentally ill who come up against law enforcement instead of mental health professionals and end up dead""]"
stig_0322,now,,2023,autism,batch4,no,,,,,,,,moderate,"When the meaning of a word becomes more expansive, the number of cases that meet the definition usually increases. When the meaning of "" milk "" is not restricted to "" a secretion of mammary glands,"" the kinds of milk available for purchase expand to include nut and grain number of individuals who identify as autistic has increased dramatically since 2013 when mental health experts expanded the definition of autism to include individuals previously diagnosed with Asperger syndrome. Psychological Consequences of Redefining "" Racist "" My concerns about how people use the word "" racist "" go deeper than mere head counts. As a social psychologist, I'm especially concerned about the downstream psychological consequences of redefining "" racist "" to include individuals who are simply prejudiced or insensitive. When we call someone a racist, we psychologically distance ourselves from that person. We "" other "" the person in a way that is difficult to overstate. We are saying, albeit indirectly, that the person is morally flawed and undeserving of sympathy. We do not want to be associated with the person. The R-word today is like the scarlet letter A in Nathaniel Hawthorne's time.",
stig_0323,reddit,bpd,2019,bpd,batch2,no,,,,,,,,moderate,,
stig_0324,reddit,legaladvice,2020,autism,batch3,no,,,,,,,,moderate,,
stig_0325,now,,2020,alcoholism,batch3,no,,,,,,,,easy,"from her earliest memories, the misery of alcoholism has marred karen angus' life. she was only a girl when her father,"" a violent, unpredictable alcoholic,"" died from drink, leaving behind a wife who was abstinent and seven children who — in time — would be anything but. "" i lifted my first drink at 13, and my life was never to be the same again,"" angus said, her voice charged with emotion, speaking from her home in glasgow, scotland. a bright academic future soon faded and, by age 15, alcoholism had her "" by the throat."" over the next 30 years, the grip of addiction steadily tightened. spurred by an irrepressible compulsion, she would binge on a daily dose of cheap cider and vodka, consuming liters (quarts) at a time. the consequences were devastating: abusive relationships, job losses, criminal charges, hallucinations, hospitalizations and, eventually, homelessness.",
stig_0326,now,,2016,adhd,batch2,no,,,,,,,,easy,"In 2012, the American Psychiatric Association decided to list nail biting and other pathological grooming behaviors like skin picking and hair pulling as obsessive compulsive disorders, or OCD. OCD includes people washing their hands over and over, or lining up their shoes compulsively. Pathological grooming and OCD are somewhat similar: in both cases, a natural behavior — in this case, nail biting — is turned into an excessive one. But some psychiatrists disagree with the American Psychiatric Association's decision. Though it's true that nail biters sometimes have other psychiatric disorders like ADHD and separation anxiety disorder, OCD is an anxiety-driven obsession, while nail biting is not, they argue. "" As an anxiety specialist, I think that was an agrees:"" I really don't think it's an OCD at all. It doesn't seem to fit any criteria."" Whatever the medical definition of nail biting, doing it can have a lot of unwanted health consequences. First of all, it's bad for your teeth and even your jaw. Nail biting can result in up to $4,000 in additional dental bills over your lifetime. Second of all, it's dirty. The area under the nail is a "" great breeding ground for bacteria,"" Foose says, including E. coli. When you bite your nails those bacteria are carried inside your body and can cause gastrointestinal problems, like nausea and diarrhea, Lipner says.",
stig_0327,reddit,bipolarsos,2020,alcoholism,batch3,no,,,,,,,,easy,,
stig_0328,now,,2022,schizophrenia,batch3,no,,,,,,,,easy,"police and relatives describe him as schizophrenic. he has one prior arrest from last year, for punching someone twice in the face, cops said. the two men knew each other from the neighborhood, but did not have any history together, cops said. police did not know what was said before the deadly attack. a knife is spotted at the scene of the stabbing at 3195 decatur avenue in the bronx on july 21, 2022. peter gerberrivers' wife used a pry bar in an attempt to protect her husband from the attacker, police said.peter gerber a neighbor who did not want to be identified.",
stig_0329,reddit,needadvice,2017,depression,batch2,no,,,,,,,,moderate,,
stig_0330,reddit,askreddit,2013,schizophrenia,batch3,yes,expressed/enacted; perceived/experienced,self,,,,,,moderate,,
stig_0331,reddit,specialed,2021,autism,batch3,no,,,,,,,,easy,,
stig_0332,now,,2023,alcoholism,batch4,no,,,,,,,,easy,"The idea was a go, and Carol was set to have her big star turn. Only one thing: the top brass at Marvel had a problem. And it wasn't the fact of her gender that gave them pause, so much as her checkered (and often commercially spotty) history: the character had, over the course of her publication, lost her memories, wrestled with issues of abuse and trauma, and entered a 12-step program for alcoholism, among other things."" The fact was that the name Captain Marvel had a huge weight in the minds of people,"" Brevoort recalls."" And any character who was going to be Captain Marvel had to somehow be the perfect embodiment of all things Marvel. Very quickly a red flag came up that folks higher up the food chain had some concern about this."" Last-minute concerns meant last-minute creative decisions. In place of Carol tossed into the wastebin of faltered comic pitches. For a brief moment, Grant Morrison and J.G. Jones' recent creation Marvel Boy was set to be slotted into the Captain Marvel role, only for creators to belatedly realize that character offered even more red flags than Carol had. Then came a blink-and-you'll-miss-it period when another recent creation, Sean McKeever and Mike Norton's college-age hero Gravity, was set to take the role: in that case, the character was even killed off prior to an intended resurrection as the good Captain, only for plans to be scuttled, and a hasty resurrection pulled off in the pages of another series. Finally, and partly as an act of desperation, the original Captain Marvel, Mar-Vel, was returned to life in his own series — only to be belatedly revealed as a shapeshifting alien Skrull when Marvel thought better of the whole thing. Meanwhile, the subtle drumbeat for Carol Danvers' promotion continued."" All through this period, Brian Bendis and myself, not loudly make Carol Captain Marvel,'"" Brevoort recalls."" And we never got to a point where we could."" Carol, instead, was shuffled off into another relaunched series as Ms. Marvel — well-regarded and a reasonably solid seller, to be sure, but nothing that lit the world on fire. And the publishing curse of Captain Marvel remained as strong as ever. An Unexpected Heroine",
stig_0333,reddit,bpd,2014,bpd,batch2,no,,,,,,,,easy,,
stig_0334,reddit,skiing,2021,adhd,batch2,no,,,,,,,,easy,,
stig_0335,now,,2020,schizophrenia,batch3,yes,expressed/enacted,public,cognitive,,uncontrollable,,,easy,"colleagues of mine who are in forensic psychiatry, which is not my field, they will say of a schizophrenic individual who has committed murder,' he may be crazy, but he's not insane,'"" lewis says."" and you wonder, did the schizophrenia suddenly abate during the murder? "" it's playing along with a system that is outdated,"" she says."" we should be telling the law what is crazy and what isn't crazy, and crazy and insane should pretty much have the same definition but they don't."" she and gibney point to factors such as the political climate today and the cultural popularity of true crime entertainment as factors that work against legal reforms that might better account for the mental health of murderers.","[""he may be crazy, but he's not insane"", ""and you wonder, did the schizophrenia suddenly abate during the murder?""]"
stig_0336,now,,2022,alcoholism,batch4,no,,,,,,,,moderate,"Putin has fired back at leaders of the Group of Seven for mocking his macho image, saying that if they undressed, it "" would be a disgusting sight anyway "" regardless if it was "" from top or from during a visit to Turkmenistan on Wednesday, Putin advised the leaders to refrain from alcohol abuse and to do exercise. The comments came after G7 leaders poked fun at their absent adversary at a meeting in Germany, where British Prime Minister Boris Johnson could be heard asking colleagues if they should keep their "" jackets on, or jackets off? We've got to show them we are tougher than Putin."" "" We are not having the best period of our relations, this is understandable. Nevertheless they are all world leaders, it means they have character. And if they want to, they can certainly achieve the desired success. They just need to work on themselves,"" Putin told journalists.",
stig_0337,reddit,answers,2021,schizophrenia,batch2,yes,expressed/enacted; perceived/experienced,self,,,,,stereotype language,moderate,,
stig_0338,now,,2022,depression,batch2,no,,,,,,,,easy,"If a deep and long-lasting recession or depression is avoided, this stock should recover to old levels which would provide a very attractive return. That is why I love a perceived crisis. This idea was discussed in more depth with members of my private investing community, Oil & Gas Value Research. Learn More?",
stig_0339,now,,2020,schizophrenia,batch3,yes,expressed/enacted,public,affective,disgust,,,metaphor,moderate,"last summer i had the pleasure of driving through a particularly beautiful part of eastern tennessee. slaloming through the smoky mountains, i was struck by what can only be described as a kind of patriotic schizophrenia on display outside one of the houses. i was used to seeing both the stars and stripes and the...","[""i was struck by what can only be described as a kind of patriotic schizophrenia on display outside one of the houses""]"
stig_0340,now,,2020,depression,batch2,no,,,,,,,,easy,"Dr. Stephanie Waitt, a licensed therapist who treats young adults in Texas, said she has seen more cases of anxiety, depression, eating disorders and suicide attempts as her clients struggle to cope with a college experience that is very different from the one they imagined. Despite."" Yeah, we're not getting a typical college experience,"" Ms. Rabenold said,"" but then again, who can say in a few years from now,' I started my freshman year of college in a pandemic'?",
stig_0341,reddit,horror,2018,schizophrenia,batch4,yes,expressed/enacted,public,cognitive,,dangerousness,,,hard,,
stig_0342,now,,2023,adhd,batch4,no,,,,,,,,easy,"Chronic bad luck? Pile of trash in your car you've been meaning to clean up but never have the chance? You've been meaning to donate a bag of clothes but it sits in your closet? Lots of parking tickets and late fees? Always late for appointments? Focus a little too much on things you forget to eat, drink, or sleep? Trouble doing administrative tasks like filling out paperwork? Need extra time switching from tasks, while others seem of browser tabs open? Feel intense anxiety when someone points out something you forgot to do? You might have adult ADHD. It is very very treatable and could literally change your life and help you accomplish your dreams or help you just manage your life.",
stig_0343,now,,2024,depression,batch2,no,,,,,,,,easy,"Byron Yanks (shortened from Yankilevich) was born on March 24, 1928, in McKeesport, Pennsylvania, a suburb of Pittsburgh. His father, Samuel, owned several Army-Navy stores in the area but lost all but one of them during the Depression. Janis started out playing the xylophone before moving with his mother, Hattie, and sister in 1936 to New vinne and then Adele Marcus. Horowitz saw Janis perform Rachmaninoff's "" Concerto No. 2 "" at a concert in Pittsburgh and went on to give him lessons at his home on the Upper East Side in New York for three years."" Can you imagine how exciting it was? I was the very first person he worked with,"" Janis recalled in the 2009 PBS documentary The Byron Janis Story.",
stig_0344,now,,2010,depression,batch4,no,,,,,,,,easy,"A lot of women struggle with postpartum depression (PPD) and often resort to pharmaceuticals to help. There's also the consideration of the fact that we, as humans, are mammals... and there are certain things that mammals do that are undeniably beneficial. One of those things is the fact that mammals eat the placenta after child birth. Whether you're disgusted by it or not, there's no denying that it's packed full of beneficial nutrients and hormones and helps the mother recover from childbirth. But let's face it — few people are going to want to sit down to Placenta Steak. In fact, I distinctly remember seeing a show about it once, and my best friend gagged to the point of fear of puking at the visual (to be fair, she was 13 at the time). However, there is another way to get the benefits of the placenta, without ever actually having to touch it yourself.",
stig_0345,now,,2025,depression,batch4,no,,,,,,,,easy,"SHERELLE had what many in the electronic space would consider a dream start. In 2019, a viral Boiler Room set quickly elevated her name and kicked off a whirlwind period of touring. She had little time to catch up with the enormity of the change, but saw bookings surge, and in late 2023 took on a presenting slot on BBC however, she says she was overworked, and was spread too thin to enjoy the moments and to stay present. She calls that time "" a blur "" and speaks candidly about the toll it took on her wellbeing."" I basically had to silently deal with depression,"" she says, adding that turning 30 triggered complex emotions."" All of a sudden I thought,' Oh my god, I'm going to be 30, and my life isn't where I want it to be' — or I was assuming it would be so much more different."" The balance between vulnerability and the role of the DJ — bringing immaculate tunes and vibes — is a unique demand. Performers in the more traditional concert setting are permitted space for complex, knottier emotions seldom translated to a club performance behind the decks."" We have to put on a happy face — because if we don't, then it will affect the crowd and their enjoyment,"" she says. Being are putting up barriers and neglecting their mental health."" That can be quite dangerous, because then when you are constantly putting on a face when you are you are essentially acting,"" she says."" Our scene doesn't really lend many opportunities to check in on people.",
stig_0346,reddit,depression,2015,adhd,batch2,no,,,,,,,,easy,,
stig_0347,reddit,unpopularopinion,2019,autism,batch3,yes,expressed/enacted,public,cognitive,,immutability; incompetence; segregation endorsement,,,easy,,
stig_0348,now,,2021,depression,batch4,no,,,,,,,,easy,"Society conflicts such as the obsession with social media, fixation of celebrities & labels and generational problems such as drug abuse and depression are subjects that he approaches in a coded fashion,"" says the rest of the bio on the gallery site describing his work."" It is almost as if the artist uses the paintings to act as a spokesman for the millennial",
stig_0349,reddit,breakups,2021,alcoholism,batch3,no,,,,,,,,moderate,,
stig_0350,now,,2025,schizophrenia,batch2,no,,,,,,,,moderate,"According to Edwards, the mitochondrial DNA (mtDNA) recovered from the shawl matched that of a living descendant of Aaron Kosminski, a 23-year-old Polish immigrant who had long been considered a suspect. Kosminski worked as a barber in Whitechapel and was later institutionalized for schizophrenia, dying in a mental asylum in 1919. Edwards is so confident in his findings that he declared on NewsNation's it's him."" To bolster his case, Edwards even worked with experts to create a composite image of Kosminski based on family photographs. He's chronicled his investigation in a book titled "" Naming Jack the Ripper: The Definitive Reveal."" Edwards' argument is simple: He has physical evidence tying Kosminski to one of the Ripper's crime scenes, and he believes this is the smoking gun historians have been waiting for. As tantalizing as Edwards' claim sounds, not everyone is convinced. In fact, forensic experts have raised serious questions about his methods and conclusions. Jarrett Ambeau, a forensic DNA interpretation expert, has been particularly vocal in his skepticism. According to Ambeau, the DNA evidence Edwards relies on is far from definitive.",
stig_0351,reddit,caguns,2020,schizophrenia,batch4,no,,,,,,,,moderate,,
stig_0352,now,,2022,adhd,batch4,no,,,,,,,,moderate,"In the end, we wound up with our kids first in a Catholic school and then in expensive private high schools. In the Catholic elementary school, the teachers were expected to get the children moving — running around the school a couple of times was common — between the regular recess and lunch breaks. The boys' high school required not just in-school PE but a mandatory three further hours of physical activity each week, on non-PE days, fulfilled either on competitive teams or via things like bike clubs. Meanwhile, the public schools continued to cut requirements for PE. Initially, we barely afforded the schools our kids needed — my husband was a pastor. We lived for a long time with all three kids in one bedroom. We took only camping holidays. In the end, all three children were on full scholarships My grandson is highly gifted (he was reading at a grade-11 level at 7) and has mild ADHD. Once again, our family is working to keep a child in a private school. The psychologist who did his testing described his needs in a way that made it clear no public school could meet them. He's happy as a clam — or perhaps some more active animal — — because he learns best when moving, and both in his school, where he can study his subjects at his actual level, and in his beloved Saturday Mandarin classes, he's allowed to stand and move around, so long as he isn't disruptive. The results are astonishing. He's years ahead in Mandarin because they tried letting him walk quietly around the edge of the classroom and discovered he learned faster than anyone else in the class. Joseph's observations about schools build to a controversial suggestion: I have spent a lot of time in very gender-specific environments: I am both an aerospace (very female sport). Observing as a coach, young boys are very different developmentally from young girls. It's often hard to keep the boys in my classes under control for the length of the class, so I can not imagine how these same boys could sit still in a classroom for six hours a day. The whole structure of the school environment seems like an unnatural fit for boys.",
stig_0353,reddit,advice,2014,bpd,batch3,yes,expressed/enacted,public,cognitive,,moral or character flaw; uncontrollable,,,moderate,,
stig_0354,reddit,anxiety,2017,autism,batch3,yes,perceived/experienced,public,cognitive,,pity/condescension,,,moderate,,
stig_0355,now,,2020,autism,batch4,no,,,,,,,,moderate,"Dahl, a 2013 graduate of Castlewood High School, was "" the greatest kid in the world,"" his father Jeff Dahl said. Jacob was active in his church and played on his high school football team. He was studying to become a special education teacher to help students like his younger brother, who has autism. Jeff cried as he showed his son's football jersey to the House Transportation Committee on Thursday. Jacob wanted to become a football coach, and his football number has been retired in his honor. Jeff said his son was committed to serving the United States, holding up a photo of his son in his U.S. Army Reserves uniform. Then he held up the cell phone his son was holding when he died. "" Cruise control set, never stopped, never hit the brake, never saw it coming,"" Jeff said."" Not on drugs, not on alcohol, that was this piece of plastic.",
stig_0356,reddit,legaladvice,2021,depression,batch4,no,,,,,,,,easy,,
stig_0357,now,,2021,depression,batch4,no,,,,,,,,easy,"Ellis is one of the biggest names in comics, working on numerous Marvel and DC titles alongside his own original works; a prolific career including hits like Transmetropolitan and Red. He was also the showrunner of Netflix's Castlevania, which ended this year. This made him a well-connected figure, which helped to protect his reputation over the years. But in 2020, following other sexual abuse scandals in the industry, people accused him of using his celebrity status to coerce them into sexual relationships, with several accusers saying they now suffer from depression and complex PTSD. Detailed testimonials were published on a website named So Many Of Us, describing a pattern of behavior where Ellis would allegedly single people out online (usually young women) and groom them under the guise of mentorship. AdvertisementHide This website placed the accusations in a clear timeline, drawing parallels between dozens of experiences where Ellis allegedly used similar techniques to groom and manipulate his targets. In response, Ellis released a statement acknowledging the accusations while denying that his behavior qualified as abuse."" I have never considered myself famous or powerful,"" he wrote, downplaying the idea that he used his status to coerce young and vulnerable people. Characterizing these relationships as consensual affairs within an open marriage, he denied that he ever "" consciously coerced, manipulated or abused anyone, nor have I assaulted anybody."" This statement was not well-received by his accusers and critics. So Many Of Us asked Ellis to participate in transformative justice. They wanted him to publicly acknowledge his pattern of behavior, and "" contribute to transformative work to dismantle the systems which allowed abuse to go on."" He ignored this request. Instead, he followed a sadly familiar formula for public figures accused of sexual abuse: He went radio-silent for a while, and then tried to make a comeback. On July 23, the So Many Of Us site posted an update making it clear that they didn't want to "" cancel "" Ellis. They wanted to have a constructive discussion about abuse in the comics industry, but Ellis chose not to participate or make amends:",
stig_0358,now,,2024,depression,batch4,no,,,,,,,,easy,"Burnout emerges as a prolonged response to chronic stressors related to your job and involves three key dimensions: (1) overwhelming emotional and physical exhaustion, (2) feelings of cynicism and detachment from your work, and (3) a sense of ineffectiveness, like you're no good at your job, no matter how much effort you're putting in. You may experience one or all of these dimensions as part of easy to write some of these symptoms off. You might tell yourself that it's just a tough season at work, or that things will change once you get promoted or once your manager or supervisor moves on. But for most people, the effects of burnout are insidious and even imperceptible. Over time, burnout decreases your overall life satisfaction, causes friction in your relationships, and raises your risk of clinical anxiety and depression. Attachment Styles and Burnout Your attachment style can explain why your burnout shows up in a particular way — and those with insecure attachment are more prone to experiencing workplace burnout than securely attached people. This is because our early experiences with primary caregivers (those most responsible for meeting our needs on a regular basis) tell us how to communicate our needs, how those closest to us respond, and whether we feel secure and safe emotionally and physically. Experiences that are repeated or reinforced over time create emotional imprints that profoundly impact the formation of our self-beliefs — what we and how we respond to life's challenges. Each of the attachment styles has its own prototypical self-beliefs, which I discuss in my recent TEDx Talk. Avoidantly attached people tend to hold self-beliefs such as "" I'm only as good as my last achievement,"" and "" When the going gets tough, I go it alone."" This causes them to push so hard at work that they lose themselves. When they reach a goal, they go on to the very next one without taking a pause to celebrate or to take a breath. They may work to succeed at all costs, sacrificing their own mental and physical health. When things get difficult at work, they're likely to isolate and not ask anyone for help. All of this leads to burnout characterized by an emotional exhaustion that arises from being a workaholic, cynicism that derives from a distrust of others, and distancing themselves from people and their own feelings.",
stig_0359,now,,2022,adhd,batch4,no,,,,,,,,moderate,"MJF says he has severe ADHD and every day at school was hell. He says football was the one thing he was good it. He was one of only two Jewish kids on the team. MJF asks the crowd if there any "" Jews "" in the house. He said one day he saw his teammates walking up to him, but they looked angry. They were holding rolls of quarters, and they all threw the quarters at him. They said,"" pick it up Jew boy "" . He cried at home, but he stopped when he remembered he got to meet CM Punk. CM Punk was his hero, the guy he looked up to. He wanted to learn how to speak up for himself and be just like CM Punk. He had football scholarships left and right, but he didn't care. All MJF references the moment CM Punk quit WWE and left all of his fans. He says he buried his happiness and dreams after learning about it. MJF made a promise to not leave people high and dry that look up to him. He declares himself better than CM Punk and that Punk knows it. Punk storms down to the ring with a confused look on his face. Punk asks MJF if his story was true, if it's real. MJF refuses to answer and leaves the ring.",
stig_0360,now,,2020,bpd,batch4,no,,,,,,,,easy,"Gruen, like Baron-Cohen, connects lack of empathy with the cluster B personality disorders. Any therapist who reads the novel will easily diagnose August, the ringmaster, with borderline personality disorder, given his lightning-quick reactivity and instability of mood; his alternation of attitudes, particularly between idealization and devaluation of his wife, Marlena; his intense fear of abandonment, long before she decides to leave him; and his uncontrollable anger (Marlena lives in fear of August for years and finally decides to leave when he becomes physically abusive). August is also abusive to the circus's animals, particularly Rosie the elephant. Even the hardened circus workers who are used to treating the animals harshly are appalled. The owner of the circus, Uncle Al, knows there is something wrong and tries to excuse August's unacceptable behavior by reference to mental illness, diagnosing him as a "" paragon schnitzophonic."" Borderline Personality Disorder",
stig_0361,reddit,originalcharacters,2022,schizophrenia,batch2,no,,,,,,,,moderate,,
stig_0362,now,,2012,schizophrenia,batch3,yes,expressed/enacted,public,cognitive,,dangerousness; moral or character flaw,,,hard,"i suspected mental illness from the beginning. the fact that he had no prior history of trouble or anger when he went on this rampage and his age — 24 — fell within the range of when signs of schizophrenia may appear. when apprehended, he told the police he was the joker, which suggested he had bought deeply into a scenario divorced from reality and might be in thrall to a paranoia that would lead him to shoot strangers as if they the news has come out that he was seeing dr. lynne fenton, a psychiatrist at the university of colorado who specialized in schizophrenia and that she shared concerns that he was a danger to others. i have been reading a lot about how evil james holmes is. many people want to see him die for his crimes. i understand that. i feel for the unimaginable pain felt by the victims and the survivors. i also feel that we need, as a society, to get a better grasp on mental illness so that we can stop those who are in its grips from harming others and themselves. because there are a lot more people out there with mental illness than most of us realize.","[""i have been reading a lot about how evil james holmes is."", ""i also feel that we need, as a society, to get a better grasp on mental illness so that we can stop those who are in its grips from harming others and themselves.""]"
stig_0363,reddit,u_cocktail1233,2019,adhd,batch2,yes,expressed/enacted,public,cognitive,,moral or character flaw,,,moderate,,
stig_0364,reddit,askreddit,2012,autism,batch3,no,,,,,,,,hard,,
stig_0365,now,,2013,adhd,batch3,no,,,,,,,,easy,"an award-winning new york times reporter who has extensively written about attention deficit hyperactivity disorder. his most recent article,"" the selling of attention deficit disorder,"" looks drug marketing campaign. former teenage adderall addict who now runs newport academy, a treatment center for teens suffering from substance abuse and mental health issues. he is also the executive producer of the recent documentary, behind the orange curtain, which looks at the prescription drug epidemic. physician and best-selling author of four books, including scattered: how attention deficit disorder originates and what you can do about it. his latest book is in the realm of hungry ghosts: close encounters with addiction.",
stig_0366,reddit,aspergers,2018,adhd,batch2,no,,,,,,,,easy,,
stig_0367,now,,2024,depression,batch4,no,,,,,,,,moderate,"Thank you for making an impact on my life with me."" You stood up for me in class when someone made fun of me for having depression and I'll never forget that,"" wrote another. And,"" you may not remember me, but I had you as a teacher during my time at VHHS and even when I was not your student, I still saw you as a person who cared for all students, not just the ones on your roster."" (Dressback said she has "" not received any negative messages. Not one."") At Cahaba Heights, parents noticed her gift for calming children with behavior issues. A mother of twins who got tripped up by transitions (drop-off is "" the hardest part of our morning "" ) said that, with Dressback greeting them at the curb,"" We didn't have that struggle this year at all."" Sometimes Dressback would slip on a wig or costume — Santa, Minion, astronaut, among others; before winter breaks she donned an elf outfit school to the delight of arriving children and passing cars. She wanted to remind everyone that school is fun.",
stig_0368,now,,2016,adhd,batch4,no,,,,,,,,easy,"When you live in total squalor — cookies in your pants drawer, pants in your cookies drawer, and nickels, dresses, old New Yorkers, and apple seeds in your bed — it's hard to know where to look when you lose your keys. The other day, after two weeks of fruitless searching, I found my keys in the refrigerator on top of the roasted. I was surprised when my psychiatrist diagnosed me with ADHD two years ago, when I was a junior at Yale. In editorials and in waiting rooms, concerns of too-liberal diagnoses and over-medication dominate our discussions of attention deficit hyperactivity disorder, or ADHD. The New York Timesrecently reported, with great alarm, the findings of a new Centers for Disease Control and Prevention study: 11 percent of school-age children have received an ADHD diagnosis, a 16 percent increase since 2007. And rising diagnoses mean rising treatments — drugs like Adderall and Ritalin are more accessible than ever, whether prescribed by a physician or purchased in a library. The consequences of misuse and abuse of these drugs are dangerous, sometimes fatal. Reddit is a great forum for raising scientific questions, but the fact that it's discussion-based makes it difficult to know when a debate has settled on the best answer, objectively speaking. Exhibit A concerns the value of lying down with your eyes closed. How much does it do for you like a waste. Is it?",
stig_0369,now,,2010,depression,batch2,no,,,,,,,,easy,"Sales calls To see just how these supplements were being sold to customers, the GAO sent the undercover staff members to ask questions of 22 storefront and mail-order supplement retailers in 2009 and 2010. The agency focused on consumers over the age of 65 who have been shown to be taking an increasing at least one prescription medication a year (with which a supplement could potentially interact). For example, Saint John's wort, sometimes marketed for depression, has been shown to decrease the effectiveness of prescribed antidepressants — as well as some cancer drugs, HIV treatments and anticoagulants, according to the report. Should an elderly person take gingko biloba with aspirin? Can ginseng cure cancer? What about replacing prescribed blood pressure medication with garlic supplements? All resounding yes's from supplement sales staffs, the GAO found in its undercover investigation — but big no's per the National Institutes of Health (NIH). Taking a combination of gingko and aspirin can increase the risk of internal bleeding. Ginseng has not been proved to cure any diseases, and should be avoided for those with breast and uterine cancers, according to the NIH. Garlic has not been proved to significantly lower high blood pressure — and supplements are not intended to replace prescribed drugs. The statements by supplement seller staff members amount to representative Mister noted in his testimony that "" making false or misleading statements about a dietary supplement in a consumer transaction violates many states' consumer protection, anti-fraud and unfair competition statutes."" He also added that he was not sure "" whether the retailers in the GAO's investigations are aware that they are breaking the law.",
stig_0370,reddit,mentalhealth,2022,adhd,batch4,no,,,,,,,,easy,,
stig_0371,reddit,teenagers,2021,depression,batch4,no,,,,,,,,easy,,
stig_0372,now,,2023,adhd,batch3,no,,,,,,,,moderate,"edison's "" turnabout "" really began at age eight. little al was registered at the reverend gb engle's schoolhouse in 1855. the rote lessons and memorization were likely boring to al. he daydreamed through classes and his biographers think he may have had adhd. edison said of this period:"" the teachers did not sympathize with me and... my father thought i was stupid."" his teacher did as well. one day, in front of al, the reverend engle complained that the boy was "" addled "" and "" unable to be taught."" al ran home in tears. the next day, mrs. edison appeared at the school, upbraided the teacher, insisted that her son had more smarts than even the reverend and that she would educate al herself. astoundingly, this marked the end of edison's formal education and the beginning of the great inventor.",
stig_0373,reddit,askphilosophy,2017,autism,batch3,yes,expressed/enacted,public,cognitive,,incompetence; segregation endorsement,,,easy,,
stig_0374,reddit,relationships,2021,alcoholism,batch2,yes,expressed/enacted,public,affective; behavioural; cognitive,fear,moral or character flaw,social distancing,dehumanising language,hard,,
stig_0375,reddit,advice,2021,alcoholism,batch2,no,,,,,,,,moderate,,
stig_0376,reddit,raisedbyborderlines,2019,alcoholism,batch4,no,,,,,,,,moderate,,
stig_0377,now,,2023,depression,batch4,no,,,,,,,,easy,"Since the traffic stop, Nazario has developed anxiety, depression and PTSD, according to his lawsuit. He has been unable to leave home at times due to "" hypervigilance regarding the potential for harassment by law enforcement,"" court filings state. and Latino, suffers from race-based trauma associated with violent police encounters, which can exacerbate injuries "" in ways that do not commonly affect the white populations."" "" The officers involved not only assaulted Mr. Nazario, but pointed their weapons directly at him and, at some point during the encounter, threatened to kill him,"" the suit alleges."" Mr. Nazario recalls that he thought he was going to die that evening."" Nazario is suing Crocker and Gutierrez. Crocker is still on the force, but Gutierrez was fired in April 2021, the same month Nazario filed his lawsuit.",
stig_0378,now,,2022,adhd,batch4,no,,,,,,,,easy,"' When you have ADHD, you see things a little bit differently. I always felt a little bit like an outsider' (Avalon) Simon Brodkin was already a stand-up in the making at the age of 13."" I cut my teeth on the year 9 comedy circuit,"" he says with a grin. His compulsion to make people laugh had been there from a young age. But in lockdown last year, Brodkin made a discovery that helped him understand his desire to play class clown: he was diagnosed with ADHD. On reflection, it was his then undiagnosed ADHD that was driving him to that position of class clown."" Not everyone with ADHD is funny,"" he quickly adds."" But when you're in class, you're not concentrating on anything, so let's make everyone laugh."" Since his diagnosis, 44-year-old Brodkin has really been getting to been anyone else. In the late Noughties, Brodkin became a household name as the so-called "" chav "" character Lee Nelson, who went on to land his own BBC comedy series and nationwide tours. When he crashed Kanye West's set at Glastonbury, he was Lee-zus to West's Yeezus. And when he threw a wad of money at then Fifa president Sepp Blatter in a statement on corruption, it was as footballer Jason Bent. Brodkin was one of the country's biggest pranksters, but it was always under a different name. You'd think that self-confidence was a given for a man who gigged across the country, gatecrashed an X Factor live show and played pranks on some of the world's biggest leaders. In reality, he was anything but.",
stig_0379,now,,2022,alcoholism,batch3,no,,,,,,,,easy,"long-term alcohol abuse changes brain chemistry, lowering a person's so-called seizure threshold to a point below the brain's normal electrical activity, dr. anthony russell, an assistant professor of psychiatry at the university of florida, told the tampa bay times in 2019 for a story about the unusual arrest. alcoholics with a history of withdrawal seizures are much more likely to have them if they stop drinking again, a phenomenon known as "" kindling,"" so patients with a seizure history who seek help from professionals to detoxify are medicated and monitored around the clock, russell said. perez said she was with mctaggart during his own previous efforts to detoxify and has seen him have seizures, though never while driving.",
stig_0380,reddit,drunk,2018,alcoholism,batch3,no,,,,,,,,moderate,,
stig_0381,reddit,borderlinepdisorder,2022,bpd,batch3,yes,expressed/enacted; perceived/experienced,public; self,cognitive,,trivialisation or minimisation,,,hard,,
stig_0382,reddit,nofap,2013,alcoholism,batch3,no,,,,,,,,moderate,,
stig_0383,reddit,autism,2022,autism,batch2,no,,,,,,,,easy,,
stig_0384,reddit,askdocs,2022,alcoholism,batch4,no,,,,,,,,easy,,
stig_0385,reddit,alcoholism,2018,alcoholism,batch4,no,,,,,,,,easy,,
stig_0386,reddit,offmychest,2019,adhd,batch4,no,,,,,,,,moderate,,
stig_0387,reddit,targetedindividuals,2015,schizophrenia,batch2,no,,,,,,,,moderate,,
stig_0388,now,,2022,schizophrenia,batch3,no,,,,,,,,moderate,"we moderns are a bit schizophrenic. we nod our heads at the "" scientific "" claim about a closed universe, but we grin like children when the guardian angel clarence shows up and rescues a suicidal and despairing george bailey precisely because of providence.",
stig_0389,now,,2020,autism,batch2,no,,,,,,,,easy,"A 15-year-old girl told police she used a drink coupon she found on the floor at Orlando International Airport to pass through the TSA security checkpoint, but TSA officials said she made it through with someone else's boarding pass. According to a report from the Orlando Police Department, the 15-year-old girl, who has autism, had been reported missing last Thursday. She was found the next day at the airport. The girl told detectives she had taken buses from Apopka to the airport, the report said. She then told officers she found a drink coupon on the floor and used it to get through the TSA precheck security checkpoint, the report said. A statement from TSA conflicted the information provided in the Orlando Police Department."" The individual presented a valid and current boarding pass. Under the age of 18, passengers are not required to present an ID. She was screened and therefore presented no threat to the aviation system,"" the TSA statement said. Detectives said surveillance video shows the teen going through the TSA precheck lane. The report having a boarding pass. She was eventually found near a Southwest Airlines gate. In October, a woman managed to get through security and board a Delta flight without a ticket. ORLANDO, Fla. — A 15-year-old girl told police she used a drink coupon she found on the floor at Orlando International Airport to pass through the TSA security checkpoint, but TSA officials said she made it through with someone else's boarding pass.",
stig_0390,now,,2010,adhd,batch4,no,,,,,,,,moderate,"Even at its most underwhelming, the album is full of wondrous pop gems."" The Popular Thing "" should make Hall and Oates want to eat their stupid, mustached heart(s) out. Hand claps, falsetto vocal delivery, baroque-period piano, a bluesy/jam rock breakdown, and the yet complex tracks the band has ever done. Of course, no great album should be without artistic development."" Carrying "" features some of the best harmonies they've ever had; the voices of pianist/vocalist Ben Thornewill and guitarist/vocalist Tommy Siegel are so similar that they blend magically to offer up a blast of pop goodness and yet are so different as to create a rich layering effect. The LP's saturated with loads of super joyous synths, particularly in "" Half Crazy "" . For a band known for really bright, bubbly music, this manic track full of bleeps and bloops has the drive of a rock song and the energy of a righteous case of ADHD, pushing their unique brand of power pop into overdrive while amping up the lyrical sophistication, adding a new layer of subtext and creating a worldview that never loses that childlike innocence of being in love while demonstrating a level of organic maturation. At its most powerful, the album is a unified reach for the outer edges of pop music synergy, an ocean of bells, and tight-as-ever drumming by Jesse Kristin that raise this track on high. It's big and sweeping and epic, with the fury of a great prog rock classic, yet still sweet and intimate. It has this wonderful dedication to absolute simplicity for most of the song and chillingly sweet vocals by Thornewill, as the band learns the power they have with even the most simple of words and sounds."" The Sun "" is a game changer for the band. Siegel is weaker vocally, but he makes a successful grab for the grandiose notes his bandmate is known for. The track is reminiscent of an expansive Violent Femmes number, particularly the jerky instrumentation and the "" Everything under the sun "" lyrics. It's a great deal of fun and way more weird (and slightly darker) than some of their other stuff. Things are whipped into true majesty in "" The Sun (Interlude)"", a prog rock demonstration that leads perfectly into "" The Stars wraps it in a shiny coat of neurotic pop (with an amazing chorus) that eats up more air space than any Rush song ever could. It has some innovative drumming that's heightened by loads of synth and a killer piano part. Together, though, these tracks make it very clear that the band has taken its musical evolution seriously. This is a group of skilled and dedicated musicians with an ear for larger than life sounds, built up like slabs of musical concrete to create a brilliant skyscraper of shimmery noise with lots of details.",
stig_0391,now,,2023,depression,batch4,no,,,,,,,,easy,"Her journey with Alzheimer's has been free of the anger and depression that many get. Dad had anger serious bouts of it that were really hard on the rest of the family, witnessing him suffer so,"" Scott says."" Mom hasn't had any of that. "" She doesn't talk about it, really. Sometimes if she'll get a shake or something (and say)' Yeah, I'm shaking.' And she'd be frustrated because she's got a shake, but she's just pleasant to be with most of the time. In general, she's just so happy to have a family visit and (will say),' Oh, don't leave, and tell me more — what's going on?'"" Earlier in her journey, Scott says, his mom would ask the same questions again and again because she liked hearing the family fill her in."" And now there's less of the sort of managed script because there's really less there. But you'll hear with any Alzheimer's family that you have good days days, it's just sad. But Mom's still there."" Still connects with music, friends",
stig_0392,now,,2021,autism,batch3,no,,,,,,,,easy,"jamie's compassionate treatment of the homeless woman was right in line with other things he's done, like the time he tried to talk down a mentally ill woman with a knife even though it went against his commander's orders or the time he peacefully resolved a situation with an autistic man who assaulted a cop.",
stig_0393,reddit,alanon,2018,alcoholism,batch4,no,,,,,,,,easy,,
stig_0394,reddit,suicidewatch,2014,depression,batch4,no,,,,,,,,easy,,
stig_0395,now,,2021,alcoholism,batch4,no,,,,,,,,moderate,"This person in the early morning of Nov 1, 2017 is an unrecognizable version of myself. I had so much self discovery to unlock and explore. I knew in this very moment I would allow myself to take back my light, show victory over my internal battle of self respect, and brave this world with piercing clarity. Personally, to do this I needed to stop drinking alcohol because it kept my mind and heart circling in the same direction and quite honestly I was exhausted. I wanted to feel the pain so I could carry it like a badge of honor. I to advance forward- never looking back with regret and remorse over any choice I have made and would make for the rest of my time here within this beautiful world.I ca n't believe it has been 4yrs! It feels like maybe 2. I think that is a good thing. Ha. There is so much stigma around the word alcoholism or the label of an alcoholic. The real work that needed to be done in my life was to actually accept failure, pain, brokenness, and self sabotage. The drinking wasn't the issue. I was. I didn't love myself. I didn't respect my own power. Today I do. I have made nice with the fears and I have accepted the parts of my life that are just sad. I own my personal power with soulful courage. I am wildly honest and comfortably open. I am free.",
stig_0396,now,,2023,bpd,batch3,no,,,,,,,,moderate,"the intense emotional dysregulation that many individuals with symptoms of borderline personality disorder (bpd) experience leaves them often in a state of desperation. like a soldier who realizes that he is about to be ambushed, the sufferer of bpd symptoms may reach for anything to lash out at someone who makes them feel threatened. the closer you are to an individual who suffers symptoms of bpd, the more of your thoughts and feelings they have to weaponize against you. this is why those closest to sufferers of this disorder are targeted the most.",
stig_0397,reddit,u_theanxietyclinic,2021,alcoholism,batch3,no,,,,,,,,moderate,,
stig_0398,now,,2023,depression,batch2,no,,,,,,,,moderate,"There are many things that Schultz says he still wants to do with his life and he said it's easy to fall into a deep depression, but he tries to count his blessings. "" You just pray and pray for hope is the most important thing. Without that, you don't have anything."" ALS is a progressive neurodegenerative disease also known as Lou Gehrig's disease.",
stig_0399,reddit,thegoodplace,2021,schizophrenia,batch3,no,,,,,,,,easy,,
stig_0400,reddit,healthygamergg,2022,adhd,batch2,no,,,,,,,,easy,,
stig_0401,now,,2017,bpd,batch1,no,,,,,,,,moderate,"She said the program is founded on Dialectical Behavior Therapy (DBT), which was developed in the 1980s by psychologist Marsha Linehan to help treat borderline personality disorder. It has since been used to treat other types of mental disorders. Smith said the approach is to teach the individual skills to be able to regulate their own responses to situations and to help change their behavior. "" For us, the emphasis is really on how you can start living in ways that increase the quality of the life you live, as opposed to spending all your time in past events trying has been offering shorter programs using the dialectical behavior therapy approach since 2009 at her Awake & Aware counseling center at 2001 Carlisle Blvd. NE. She saw a need for a more intensive outpatient program and developed Healing in the Desert after conducting a series of clinical studies. Healing in the Desert is offered at 1128 Pennsylvania NE, Suite 250. Smith said she currently has capacity for six to eight individuals at a time but hopes to expand in the future. Some insurers will cover a portion or most of the treatment cost.",
stig_0402,now,,2015,adhd,batch1,no,,,,,,,,moderate,"ADHD' doubles the risk of early death' Having a diagnosis of attention-deficit hyperactivity disorder increases the risk of death and reduces overall life-expectancy, a large study published in The Lancet shows. It finds that people with attention-deficit hyperactivity disorder have a more than doubled risk of premature death - and that accidents are the most common cause. Other disorders such as substance use increased the risk of death, but ADHD on its own was an independent risk.",
stig_0403,now,,2022,schizophrenia,batch3,no,,,,,,,,easy,"her parents said they called 911 because their daughter, a diagnosed schizophrenic, had threatened to hurt herself and her twin girls. "" i feel like it's my fault... i trusted them to take care of her, not to harm her,"" she said. two responding deputies struggled to push brianna grier into the back of a patrol car that night, authorities said. less than a minute into the drive, she fell out of the vehicle.",
stig_0404,now,,2010,autism,batch3,no,,,,,,,,easy,"police say erik vonschlichten exposed himself to children aboard a bangor area school district bus — again.an autistic upper mount bethel township man with a history of acting out sexually is accused of again flashing a school bus full of defranco elementary school students. eric mark vonschlichten, 25, of the 200 block of east shore drive, waited in the driveway of his home for the school bus to pass today wearing only a brown, waist-length coat, according to court documents. when the bus passed, he opened his jacket exposing himself and a 10-year-old girl reported it to the bus driver, documents say.",
stig_0405,reddit,eldertrees,2014,schizophrenia,batch4,no,,,,,,,,easy,,
stig_0406,reddit,depression,2020,depression,batch3,yes,expressed/enacted; perceived/experienced,self,,,,,,hard,,
stig_0407,now,,2020,bpd,batch2,yes,expressed/enacted,public,cognitive,,immutability,,stereotype language,moderate,"But the cracks that would shatter her life began to appear when she was 12. She developed an eating disorder and was admitted as an in-patient into CHEO's eating disorder clinic. She began to drink in high school and at age 18 was diagnosed with borderline personality disorder, a pernicious, long-lasting mental illness that would plague her for the rest of her short life. It was about this time that she began using drugs: marijuana and cocaine, at first, and eventually harder drugs injected intravenously. Martine never understood how Mallory could care so much about animals and other people and so little for herself.","['a pernicious, long-lasting mental illness that would plague her for the rest of her short life.']"
stig_0408,reddit,dogs,2019,autism,batch3,no,,,,,,,,moderate,,
stig_0409,reddit,wlw,2022,autism,batch3,yes,perceived/experienced,public,cognitive,,pity/condescension,,,hard,,
stig_0410,now,,2023,autism,batch3,no,,,,,,,,easy,"musk, one of the world's most divisive (and richest) people, is obviously alive; his story has continued to play out beyond the final chapter of isaacson's book. lately, that story has included amplifying antisemitic conspiracy theories and telling advertisers who boycotted x over such incendiary content to "" go fuck "" themselves."" he really is a genius when it comes to material properties, when it comes to engineering,"" said isaacson. but he is "" not a genius "" on "" human emotions."" isaacson attributed this in part to the billionaire's "" brutal upbringing,"" as well as the fact that musk is "" on the autism spectrum."" musk first publicly disclosed his asperger's syndrome diagnosis while appearing on saturday night live in 2021.",
stig_0411,reddit,actuallesbians,2019,bpd,batch2,no,,,,,,,,easy,,
stig_0412,reddit,askscience,2015,schizophrenia,batch4,no,,,,,,,,easy,,
stig_0413,now,,2023,schizophrenia,batch2,no,,,,,,,,moderate,"For nearly four years, lawyers for the city have maintained in court that Officer Jerald Williams did nothing wrong when he body-slammed a 32-year-old schizophrenic man who spit on the officer during a 2019 encounter. But the city didn't turn over documents that showed the Civilian Office of Police Accountabilty and Chicago Police Supt. David Brown agreed Williams's use of force against Bernard Kersh was "" massively excessive "" — and that another officer involved in Kersh's arrest is facing firing for his conduct, according to an emergency motion filed this week by Kersh's lawyers. After a brief emergency hearing Friday, Cook County Judge Gerald Cleary ordered an evidentiary hearing on the allegations, and potential sanctions against the city. The city Law Department declined comment Friday, citing the pending litigation.",
stig_0414,now,,2024,adhd,batch3,no,,,,,,,,easy,"dear eric: i'm in my late 50s, and my husband is in his early 70s. while he's always been incredibly intelligent, he has also always had a very poor memory. we believe he might also have adhd. as he's aged, his memory and decision-making have worsened. several years ago, we had him baselined by a neuropsychologist, then reevaluated twice. his assessment showed nothing more than age-related memory changes. after the last assessment three years ago, the neuropsychologist indicated that we were probably having him evaluated more often than he needed. i've gotten help for my own anxiety about this and feel like i'm handling that part of it much better. but i still find myself frustrated and impatient when we set up procedures or tools or lists or whiteboards or insert coping mechanism here that are intended to help him, and he either forgets to use them or delusionally believes himself capable of remembering without them.",
stig_0415,reddit,aspergers,2018,autism,batch3,no,,,,,,,,moderate,,
stig_0416,now,,2015,alcoholism,batch2,yes,expressed/enacted,public,cognitive,,moral or character flaw,,metaphor via terminology,hard,"I didn't set out to write a Southern Gothic novel, though that's how it has been described. Opinions vary about what makes a Southern story Gothic, but some things to look for include dreariness, dark obsession, the supernatural, wincing humor, sacrilege, perversion, drug addiction, alcoholism, and character deformity, both mental and physical. My novel, Soil, is set in the sparse Mississippi hill country. The main character is a would-be organic farmer, who, in a downward spiral, composts a dead body he finds in his flooded field. The dead man shows up later as a ghost or a buzzard, maybe just a hallucination. There's a drunken, lame, shotgun-toting old woodsman and a peeping-tom deputy prone to seducing the female citizenry. Nice ladies have asked me why I write about difficult people in depressing circumstances. Because many of us Southerners would rather read about the aberrant among us, the lowly and damned. Maybe it's because we're always on the bottom and wouldn't mind "" Southern Gothic "" spread from the Gothic literary movement of the 19th century, when romance novels were dressed up in dreary ambience and set in spooky castles and decrepit manors, shot through with excess, fear, and madness. The best of the lot — classics like Frankenstein, Dracula, Wuthering Heights, and the stories of Edgar Allen Poe — used fantastical devices and aberrant behavior to get at the ugly truth all trussed up in pomp and formality.","[""Because many of us Southerners would rather read about the aberrant among us, the lowly and damned.'']"
stig_0417,reddit,depression,2021,depression,batch4,no,,,,,,,,easy,,
stig_0418,reddit,topgear,2016,adhd,batch3,no,,,,,,,,moderate,,
stig_0419,now,,2020,adhd,batch4,no,,,,,,,,moderate,"Doctor shares tips on successful distance learning for ADHD students HUNTSVILLE, Ala. (WAFF) - North Alabama parents are in their third or fourth week of distance learning - and many of them are finding out for the first time what their children's teachers see every day. This can be especially true for parents of ADHD students. We spoke with Dr. Greg Mattingly about it."" For the first time a lot of parents are home educators. We're observing things only teachers or counselors have seen before, the frustrations our child might have with a certain subject. The fact that they get distracted more easily than we realized they did."" Dr. Mattingly says it's important to recognize that ADHD is a real disorder that impacts a person's ability to focus on tasks. It's not laziness, it's not lack of motivation and it's not disobedience. The most common symptoms can manifest themselves as forgetfulness or difficulties with time management."" I'll ask a mom -' What's it like when you send a things to do? Pick up the floor, make up your bed, bring down your backpack.' A kid with ADHD - quite often a mom will look at me and say' I'm lucky to get the first one. I go up there and he's standing around playing with Legos and he never got from step one to step two.'",
stig_0420,reddit,bpd,2019,bpd,batch3,no,,,,,,,,easy,,
stig_0421,reddit,advice,2022,alcoholism,batch4,no,,,,,,,,easy,,
stig_0422,now,,2022,bpd,batch2,yes,perceived/experienced,public,affective,fear,,,direct pejoratives; stereotype language,moderate,"Having been a psychologist for almost four decades, the current hysteria seems sadly familiar. Not long ago, the same dire warnings were being promulgated about the dangers of being in a relationship with someone who might be "" borderline,"" again, a shorthand insult for someone with borderline personality disorder. For many years, therapists and the culture at large seemed obsessed with first spotting and then protecting themselves from people with borderline personality. To refer of you and it's all your fault."" The word was used so pejoratively that I vowed to stop using the term, and now I am considering making the same pledge about the term narcissist. Examining narcissism What's missing from these hyperbolic overgeneralizations is any understanding that narcissism is an often-adaptive character trait found in many people and not just a diagnosis. People who have narcissistic personality disorder are what therapists call "" other-centered,"" meaning that they are so insecure that they rely excessively on others to reassure them they are OK. The inflated picture of themselves they project to others is a not very effective way to compensate for their own deeply felt sense of inadequacy. There is an old joke about the narcissist out on a first date who talks incessantly about himself, leaving almost no room for his date to speak. Finally, realizing that he has been monopolizing the conversation, the narcissist says,"" Enough about me, let's talk about you. How do you like me so that, like most personality traits, is normally distributed in the population, meaning that most people have some narcissistic features, and some have far more or far less than average (APA, 2021). Most people who have careers requiring them to be in the limelight, such as politicians, speakers, and athletes, likely have at least a healthy amount of narcissism. Narcissism helps people be more assertive, resilient, successful, and tolerant of adversity. The influence of social media If narcissism is a naturally occurring personality trait, why have we become so obsessed with protecting ourselves from the dangers of narcissistic personality disorder? One potential explanation is that social media has in effect made narcissists of us all. It's almost as if Shakespeare anticipated our modern age when he wrote "" All the world's a stage, and all the men and women merely players "" (Shakespeare, 2006). Social media gives everyone an instant platform and can give us the distorted impression that the mundane details people. Narcissism and millennials","['the dangers of being in a relationship with someone who might be ""borderline,""']"
stig_0423,reddit,offmychest,2018,depression,batch3,yes,perceived/experienced,public,cognitive,,moral or character flaw,,,easy,,
stig_0424,reddit,adhd,2022,bpd,batch3,no,,,,,,,,easy,,
stig_0425,reddit,svosj,2019,alcoholism,batch4,yes,expressed/enacted,public,affective; cognitive,disgust,incompetence; moral or character flaw,,,moderate,,
stig_0426,now,,2023,alcoholism,batch3,yes,perceived/experienced,associative,,,,,,easy,"despite her outward successes, a number of unresolved adverse childhood experiences (aces) created vulnerabilities for malory. mal was raised by a loving single mother who struggled with alcoholism. on two occasions, at ages 6 and 13, mal was separated from her mother while she was recovering. during the second separation, mal moved and had to change schools. she felt shame and fear of being judged for her mother's condition, so she'd never invited friends to her home. her mother was mal's best friend, brave and hard-working. but her mother had struck her when drunk, and was unable to protect her from a man who stripped her of her innocence when mal was 6. mal wondered why her love for her mother wasn't enough to keep her from drinking.","[""she felt shame and fear of being judged for her mother's condition, so she'd never invited friends to her home.""]"
stig_0427,now,,2024,bpd,batch3,no,,,,,,,,easy,"researchers found that approval for sugar dating is linked to a set of personality traits known as the dark triad, which comprises machiavellianism, subclinical psychopathy and traits of borderline personality disorder. machiavellianism is characterized by manipulation and strategic behavior, subclinical psychopathy is marked by exploitation and a lack of empathy and borderline personality traits include emotional instability and impulsive behavior. research consistently shows that individuals with higher levels of dark personality traits tend to be more accepting of short-term relationships and are more likely to exploit interpersonal connections for personal gain.",
stig_0428,reddit,alcoholism,2020,alcoholism,batch2,no,,,,,,,,easy,,
stig_0429,now,,2017,bpd,batch2,no,,,,,,,,easy,"Cat has a pretty good idea who she is. She will tell you she has a "" borderline personality disorder "" with the aplomb of saying blue is her favorite color. She is comfortable in her own shoes, though they sometimes pinch her feet. Cat was a member of a street gang in her youth. She says,"" The one thing all gang members have in common is rage within, and it comes from being raised in a dysfunctional psychological therapy."" Cat says birthdays and Christmases were fun in her home growing up, but most other times, not so much.",
stig_0430,now,,2020,alcoholism,batch4,no,,,,,,,,moderate,"Growing up, Rose and Sarah were juggled between two sets of parents (the women loving and lost and the men incompetent at best and abusive at worst), Rose emerging as the academic and artistic success and Sarah struggling to find her footing. The book is filled with scenes of a young, hotheaded Rose telling Sarah to stop screwing up, and Sarah complaining that it's hard to live in Rose's shadow. When Rose's alcoholism costs her a job and she resolves to get clean, her sobriety comes faster and is longer-lasting than her sister's. Sarah is better acquainted with the netherworld of addiction and I'm clean,"" Rose reminds Sarah in a conversation about the benefits of sobriety."" Says the person who has never detoxed or gone to rehab,"" Sarah shoots back. When I first tried drugs, I came to understand that I could postpone the nastiness and embarrassment of almost-adulthood with a feeling that was very good. I liked the rituals of drugs, the cutting of lines or the psychedelic hikes into the woods or the drawn curtains, and I liked feeling elevated. I understand well what Sarah must have been chasing: More than feeling good, I wanted freedom from the cages of normalcy and smallness and fear. No addict sets out to throw her life away. The problem is that drugs are indifferent to life, and brutal, and short-lasting. The first of the 12 steps asks us to recognize that we are powerless over our addictions. But before we became powerless over our addictions, we were powerless over the harsh and loveless world for which the drugs were made better place, even for just an hour?",
stig_0431,now,,2021,depression,batch4,no,,,,,,,,easy,"The first mushrooms, and a commonly prescribed antidepressant found that the psychedelic reduces depression as well as escitalopram, an antidepressant known by the brand name Lexapro. "" Researchers lauded the study authors for paving new ground with more rigorous research into psilocybin — a sizable feat for a stigmatized and in many places illegal drug,"" Stat News's Erin Browdin reports."" But they also criticized the decision to make a single, basic depression questionnaire the study's primary outcome, given that the researchers also performed a number of other assessments of well-being that appeared to give psilocybin an edge."" Scientists at the Center for Psychedelic Research at Imperial College London found no statistically significant difference in the depression scores of patients who received the psilocybin and those who received Lexapro. Secondary measures — for instance, of social or work functionality — appeared to give psilocybin the edge but did not include the detailed statistical analysis necessary to draw concrete conclusions.",
stig_0432,reddit,teenagers,2022,depression,batch4,no,,,,,,,,easy,,
stig_0433,now,,2021,alcoholism,batch4,no,,,,,,,,moderate,"An emphasis on employment is built into the Drug Court program. And Dr. Indra Cidambi, M.D., a Morristown-based psychiatrist named by Gov. Phil Murphy to the Governor's Council on Alcoholism and Drug Abuse, said Feit's budding entrepreneurship was likely a direct result of his cessation of opioid use. Cidambi, an advocate of Drug Court, said heroin and other opioids limit cognitive flexibility, essentially the ability to multitask, essential for starting and growing a business. The income from employment, with the material possessions, dignity and freedom it can buy, psychological rewards that participants used to get from drugs. "" The reward before was drugs, and now it's good stuff,"" said Cidambi, who also serves as medical director at the Center for Network Therapy, a treatment facility in Freehold Township."" Because what is substance use disorder? They do not feel they're worthy enough. You don't have money to buy a meal, or a driver's license to drive around. So Drug Court kind of nails it and says,' You need to have your independence, you need to have your work.'",
stig_0434,now,,2020,depression,batch1,no,,,,,,,,moderate,"However, in recent years, viewers have been much kinder to Jar Jar, especially as actor Ahmed Best has opened up about his struggles with depression because of the very harsh reaction to the character. He recently admitted that it even drove him to consider suicide. This isn't the first time that Best has discussed returning as Jar Jar Binks. Back in April he was much more pessimistic about his chances, as he told Jamie Stangroom's YouTube channel that he couldn't see a way that the character would return. "" Not as far as I know, no. I haven't been asked. I just don't know. To be completely honest I think Jar Jar is something Lucasfilm are trying to my breath for a Jar Jar cameo in Obi-Wan but you know, who knows.",
stig_0435,now,,2024,adhd,batch3,no,,,,,,,,easy,"i have an 11-year-old nephew and a 9-year-old niece. my nephew has severe adhd that my sister refuses to medicate him for despite the recommendations of teachers and doctors. as a result, he acts like a toddler on a caffeine binge. his attention span is zero, he can't sit still, and will to nice restaurants without putting him in a booth between a pair of adults. going to a movie is out of the question unless we are the only ones in the theater. the last time we had a family event, he wandered off into the woods and a neighbor brought him back in a truck. more worrisome was my nephew didn't know the neighbor, just trusted him to say he knew our relatives. i am pregnant and not up to dealing with my nephew's antics one on one. advertisement",
stig_0436,now,,2017,schizophrenia,batch3,yes,expressed/enacted,public,cognitive,,uncontrollable,,,hard,"for the past decade, alex dold battled schizophrenia. he kept it in check, more or less, until things started recently unraveling. "" he was upset about money,"" said his sister jen dold."" we managed money for him and he wanted more control."" last tuesday, the 29-year-old had a physical confrontation with his mom over the issue at their snohomish home. jen and her mother tried to get a mental health provider to help involuntarily commit alex, but he wasn't deemed enough of a threat.","[""he kept it in check, more or less, until things started recently unraveling""]"
stig_0437,reddit,adhd,2019,adhd,batch3,yes,expressed/enacted; perceived/experienced,self,,,,,,hard,,
stig_0438,now,,2022,bpd,batch3,no,,,,,,,,easy,"i miss my parents and love when they visit. i also enjoy when one of my sisters visits with her daughters. it's great for my children and important to me that they all have those relationships. however, i don't want much of a relationship with my other sister. she has borderline personality disorder and has been delusional at times about her health. she also has gotten very angry in front of my kids, and it's been scary for them. the problem is my family is very close and my parents said they can't visit me for holidays unless i make up with her. tells me i'm cold and unfeeling and we should be closer, and i explain that i can't let my guard down with her unless she gets some help. then she tells me i'm gaslighting her. my other sister fakes a relationship with this sister to placate my parents and to allow this sister to have some time with her children (because this sister has no children).",
stig_0439,reddit,depression,2013,depression,batch3,no,,,,,,,,moderate,,
stig_0440,now,,2024,alcoholism,batch2,no,,,,,,,,easy,"A quick note: If alcohol is causing you stress or harm, seek medical advice. There are a variety of treatments, including counseling, medications and support groups, to help people who want to end that dependency. This includes Alcoholics Anonymous, which has helped countless people. This guide from the National Institute on Alcohol Abuse and Alcoholism can help you find a program that's right for you. The digital story was edited by Arielle Retting and Meghan Keane, with art direction by Beck Harlan. We'd love to hear from you. Leave us a voicemail at 202-216-9823, or email us at LifeKit@npr.org.",
stig_0441,reddit,adhd,2018,adhd,batch3,yes,perceived/experienced,public,cognitive,,controllable; personal responsibility and blame; trivialisation or minimisation,,,hard,,
stig_0442,now,,2020,adhd,batch2,no,,,,,,,,easy,"The effects were more pronounced in children who stayed longer in neglected conditions. Every additional month of deprivation was linked to a 0.27% reduction in total brain size, says the study. Smaller brain size due to deprivation may mess with brain development: neglected children tend to have a lower IQ and more symptoms of attention deficit hyperactivity disorder (ADHD), say researchers. The study was conducted on children adopted from Romanian orphanages had endured violence, neglect and malnourishment. Many of them are still carrying the scars of the past: previous research has shown that many are still experiencing mental health problems even in adulthood, despite being brought up by caring new families. "" The English and Romanian Adoptees (ERA) study addresses one of the most fundamental questions in developmental psychology and psychiatry — how does early experience shape individual development? It is essential to recognize that these young people have nearly always received great care in loving adoptive families since they left the institutions. However, despite a lot of positive experiences and achievements there remain some deep-seated effects of deprivation on these young adults,"" says the principal investigator of the study, Dr. Edmund Sonuga-Barke from the Institute of Psychiatry, Psychology & Neuroscience (IoPPN), King's College London.",
stig_0443,reddit,depression,2016,depression,batch2,no,,,,,,,,easy,,
stig_0444,reddit,u_dont_read_this_okay,2022,bpd,batch2,no,,,,,,,,easy,,
stig_0445,now,,2021,alcoholism,batch2,no,,,,,,,,easy,"I needed help, I knew that if I didn't take that step forward to be a part of Alcoholics Anonymous, I don't know... I don't know if I'd be "" The thought of having to be with a new group of strangers in a way really ate me alive. But I've realized that I needed to be able to hear other people's stories, other people who struggle with alcoholism and addiction."" Last week, Burke confessed on her Pretty Messed Uppodcast that she has been feeling like drinking again a lot lately."" She told co-hosts AJ McLean and Rene Elizondo Jr. that she was "" two seconds away "" from breaking her sobriety, a decision she made nearly three years ago when she got engaged to her now-husband, Matthew Lawrence. "" You're my only real sober friends that are in a program,"" she said to her co-hosts."" You guys have that vocabulary that is so relatable for me. When I'm not around you guys then I start to push.",
stig_0446,reddit,alanon,2021,alcoholism,batch4,no,,,,,,,,easy,,
stig_0447,reddit,paranormal,2018,schizophrenia,batch4,no,,,,,,,,easy,,
stig_0448,reddit,legaladviceuk,2021,autism,batch2,yes,perceived/experienced,structural,,,,,,hard,,
stig_0449,reddit,adhd,2019,adhd,batch4,no,,,,,,,,easy,,
stig_0450,reddit,casualiama,2014,autism,batch2,no,,,,,,,,easy,,
stig_0451,reddit,raisedbynarcissists,2018,alcoholism,batch2,no,,,,,,,,easy,,
stig_0452,now,,2019,depression,batch4,no,,,,,,,,easy,"An acronym for "" Don't yield, keep enduring,"" D.Y.K.E. reveals much of what Johnson strove through. Over masterly crafted beats from local producers like Sir Nai and Blangblanglang, Johnson, subsequently, getting played by straight girls and Instagram models, how black men don't support black women, and abuse and depression. She pleads how her confessions are for black people and for queer people on the acoustic, slow-bop opener "" For You,"" making it clear the songs that follow are ones both groups can relate to. The record is broken up into three sections — depression, rage and love — each of which are introduced by brief interludes. On the intro to the lo-fi and somewhat trip-hoppy first section, Johnson repeats how her depression keeps her from getting out of bed and going to work, before leading into "" Depression Was Trash."" One of the first tracks she released from the album, it's heavy. She speaks on body dysmorphia, sexual harassment, and molestation at the hands of someone close to her ("" You know what you did/Another man I'll never trust "" ), and suicide ideation. The ease with which Johnson is so open in her discography — is something to be respected and recognized. Most artists ca n't be that honest even with themselves, let alone with current and prospective fans. Johnson's ability to be blunt while also, strangely, making you want to turn up in the club is noteworthy."" I've Been Nice (I've Been Sad)"" is a bop. Though the lyrics speak of feelings of worthlessness, being walked all over and taken advantage of, the slick, almost traplike beat beckons you to move.",
stig_0453,now,,2021,bpd,batch4,no,,,,,,,,easy,"Personality disorders present unique treatment challenges. Most personality disorders are ego-syntonic, meaning they are compatible with a person's self-concept. As such, there may initially be little or no motivation to change. Nevertheless, mental health professionals have developed and applied different therapeutic techniques to help those with these conditions learn more adaptive ways of thinking and behaving, and research suggests that positive change is possible for While the tendencies that comprise a personality disorder may never go away entirely, research indicates that a person can show decreased symptoms over time. Therapy can also be helpful for certain conditions. A number of approaches have been used in the treatment of borderline personality disorder, including Dialectical Behavior Therapy (DBT) and psychodynamic psychotherapy. In some cases, psychotropic drugs — such as antidepressants or antipsychotics — may be used as part of the treatment of personality disorder symptoms. What can you do if you think someone has a personality disorder? While it may be very difficult to convince someone who may have a personality disorder to see a therapist, therapy may offer the most promising route to long-term reduction in dysfunctional thoughts and behaviors. In the meantime, there are some precautions that could be helpful in dealing with someone who has a personality disorder, including limiting time together and avoiding topics that lead to friction or conflict. What is the most difficult personality disorder to treat? Antisocial personality disorder can with this disorder may be inclined to create the appearance of change in order to get what they want (such as release from incarceration). Do personality disorders get worse with age?",
stig_0454,now,,2022,depression,batch4,no,,,,,,,,easy,"The therapist who works with the Carmel Police Department came to me and said,' You need to come talk to me.' I had a major depressive disorder, and was super hypervigilant everywhere I went. You get good at hiding your emotions. You hide them every day of your entire life,"" explains Gauthier,"" I didn't have anyone to reset me. My wife does a great job, but sometimes I don't speak, and I get too far gone. It's to the point that I decide to run away."" Hero Family Outreach is a local organization trying to help veterans and first responders deal with down to zero. "" One is not acceptable. It has to be zero. 22 veterans will take their own life every single day."" says Whitney Lushin, who is a board member for Hero Family Outreach, and also works in law enforcement,"" Every day we go to work, and we experience something that is not normal. That is every day, day in and day out.",
stig_0455,reddit,rdr_mystery,2020,schizophrenia,batch4,no,,,,,,,,easy,,
stig_0456,now,,2020,autism,batch4,no,,,,,,,,easy,"Dogs ca n't get autism, and even if they could, vaccines couldn't cause it. Period. But some anti-vaxxers are increasingly making the same unfounded claims about pets and vaccines they've been repeating about children and vaccines for the past 20 years: that vaccines are unnecessary, dangerous and that they can cause a form of (canine) autism, along with other diseases. Just as with kids, that may be driving down pet vaccination rates. And the movement, while niche, shows no sign of stopping; in some states in the U.S., anti-vax activists have recently agitated to make state laws about mandatory pet vaccinations more lax. The problem is acute in the United Kingdom. In its most recent annual report, Britain's People's Dispensary for Sick Animals (PDSA) surveyed more than than 4,600 pet owners and found that in 2018, about 25% of dogs — 2.2 million of them — had not had their necessary vaccinations when they were young. That's roughly on par with rates last year, which had jumped significantly their dog — accounting for 20% of responses — was that "" it's not necessary."" Whatever the justification, every owner who does not vaccinate a dog contributes to endangering a great many other dogs too."" The figures for pets not receiving primary vaccinations and regular boosters may threaten population-level immunity,"" the authors wrote in the report.",
stig_0457,reddit,bpdlovedones,2020,bpd,batch2,yes,expressed/enacted,public,affective,"anger, irritability or frustration; disgust",,,direct pejoratives,hard,,
stig_0458,now,,2020,depression,batch2,no,,,,,,,,easy,"It's such an accurate depiction of what depression feels like, and when Waverly reminds herself that simply existing with your loved ones is enough, I lose it every time. As someone who has struggled with depression for a long time, it's easily one of the most important scenes I've ever seen on television."" 13. When we learned that Fry waited for Seymour to return on Futurama. Fox / Comedy Central "" I literally ca n't even talk about it or hear the song from that scene without immediately tearing up. And when I watch it, it results in full-blown, ugly, heave sobbing. If you have a pet that you're super close to, this scene will rip your heart out."" 15. When Elena confronted her dad after he Day at a Time. 16. On Lost, when Charlie sacrificed himself to save everyone.",
stig_0459,reddit,bpd,2019,bpd,batch3,no,,,,,,,,easy,,
stig_0460,now,,2022,autism,batch2,no,,,,,,,,easy,"Last week was the unveiling of Indio Management's newest completed project, a 16-unit apartment community development for AIDS Services of Dallas (ASD), which will provide affordable housing for residents of ASD who have now returned to work. Today, the Women's Suffrage National Monument Foundation announced a historic bipartisan and bicameral partnership with leaders in the U.S. Senate and U.S. House of Representatives to bring the congressionally authorized Women's Suffrage National Monument to the National Mall through the "" Women's Suffrage National Monument Location Act."" Hall of Fame Resort & the "" Company "" ), the only resort, entertainment and media company centered around the power of professional football, today announces it has received a $15.8 million Transformational Mixed-Use Development (TMUD) tax credit award from the Ohio Tax Credit Authority and the Ohio Department of Development for the construction of its football-themed waterpark and Hilton Tapestry Hotel located at its Hall of Fame Village.",
stig_0461,now,,2011,bpd,batch4,no,,,,,,,,moderate,"But social factors are certainly very important, and some of the best evidence for that comes from people who end up with borderline personality disorder, people who have very - a lot of difficulty regulating their relationships and can show extreme anger towards others. But many of those people have suffered extreme abuse or neglect in their childhood. So, early experience contributes to how much empathy you end up with. It doesn't directly address the issue about social media, but it may well be - I don't know of any studies in that - it may well be that other social factors can influence our level of empathy. FLATOW: Can you notice it in yourself that you lack empathy and try to get some help, or does somebody else have to help you? BARON: Well, this is a tricky one because empathy often goes hand-in-hand with not only good at picking up on other people's feelings, but they - they're also good at reflecting on their own behavior. And so, someone who's low in empathy may be the last person to realize that. And it may mean that other people around them have to give them a little bit of feedback, or it may be that they seek help anyway and discover that they have empathy difficulties.",
stig_0462,reddit,concussion,2022,depression,batch4,no,,,,,,,,easy,,
stig_0463,now,,2024,schizophrenia,batch2,no,,,,,,,,moderate,"Deputy Lancaster County Attorney Jeff Mathers said that although Kafka, who has been diagnosed with schizophrenia, may have troubles and mental illness, he chose to stop taking his medication, to smoke marijuana daily and to steal his employer's vehicle to head to California. "" He was not in some psychotic break at the time this happened,"" he said. Mathers said Kafka had negotiated with the bus driver, trying to convince him to let him on the bus with the little money he had. When that didn't work, he waited for an opportunity to sneak on the bus, which resulted in the driver ultimately calling police.",
stig_0464,now,,2021,alcoholism,batch4,no,,,,,,,,moderate,"Biden, 78, is far from the first president to face scrutiny second president, once confessed:"" My children give me more pain than all my enemies."" Adams disowned his third son, Charles, an alcoholic who was destitute when he died at 30 from cirrhosis of the liver. I've always thought it deeply cynical that Trump wanted to exploit it as a weakness Charlie Sykes Joshua Kendall, author of First Dads: Parenting and Politics from George Washington to Barack Obama, said:"" Throughout history there's been quite a bit of alcoholism and substance abuse in the sons of presidents but it's always been buried. The Republicans are operating from' Oh, my gosh, we're going to reveal these secrets and we're going to show that this new president has this substance-abusing son and it's all horrible'."" But Hunter Biden is breaking the mould by writing a really honest memoir. It's different from the 18th century where it would all be hidden. By being so honest and direct, he's taking away the political toxicity of history where this material can no longer be weaponised. That seems to be the lesson."" Hunter is helping demystify the lives of powerful politicians, Kendall added."" We're learning that just because you're rich and famous, substance abuse can still happen. We're much more tolerant of it."" If this had happened 50 years ago, it might be much more useful ammunition for Republicans but it's petering out because society has changed and we're much more used to the fact that presidents are real people. He did a thorough gut check and I think that's resonating with readers and might actually help other people with substance abuse."" That view is shared by Gabor Mat?, a Canadian-based author and doctor who has studied links between addiction and trauma. He said:"" Hunter's sharing of his own trauma, addiction and ongoing work towards recovery will benefit many. I acknowledge his courage in doing so. Whatever some short-sighted politicians may make of it, all of us for his speaking out.",
stig_0465,now,,2014,autism,batch3,no,,,,,,,,easy,"another study in the journal of autism and developmental disorders found that children with autism, who tend to be naturally antisocial, spent 62 percent more time watching television and playing video games than their siblings who don't have autism. they also spent little time playing games with others or being active on social media. experts like olds say a child's excessive screen time may be a red flag for other problems.",
stig_0466,now,,2021,bpd,batch3,yes,expressed/enacted,public,cognitive,,moral or character flaw,,,hard,"according to mental health america, the disturbed book editor character is recognized as one of the "" most obvious villains with mental health conditions in film history "" and also often used in classrooms to illustrate "" borderline personality disorder.","[""the disturbed book editor character is recognized as one of the "" most obvious villains with mental health conditions in film history "" and also often used in classrooms to illustrate "" borderline personality disorder.""]"
stig_0467,reddit,depression,2016,depression,batch4,no,,,,,,,,easy,,
stig_0468,reddit,asexual,2019,autism,batch2,no,,,,,,,,moderate,,
stig_0469,reddit,vent,2022,bpd,batch3,yes,expressed/enacted; perceived/experienced,self,,,,,,hard,,
stig_0470,now,,2013,autism,batch4,no,,,,,,,,moderate,"So there you have it: another outbreak fueled by irrational vaccine phobia. Just as phobia about influenza vaccination leads to countless cases of influenza, so too has a long-ago discredited association between the measles vaccine and the risk of autism fueled cases of measles. Indeed, Great Britain is in the teeth of a major measles problem right now, numbering more than 1,000 cases and large enough to warrant an official Wikipedia entry, related to long-ago discredited medical articles associating measles vaccine with autism. Some have suggested that the reluctance of then — prime minister Tony Blair to disclose whether his own young son, Leo, had received the vaccine fueled much national hesitation. Measles is a potentially severe viral infection that still kills hundreds of thousands of people worldwide. It can cause pneumonia and encephalitis, as well as the telltale rash and "" measly "" feeling of those who of the current antivirals have activity against the infection. But the measles vaccine is remarkably effective, as good a shot as we have. In contrast to mumps and influenza vaccines, which have predictable failure rates — meaning vaccinated people can still develop the disease, though at substantially lower rates and with milder symptoms. With measles, to be vaccinated is to be safe. What the f**k is going on in these areas of Brooklyn?",
